color,words
0000ee,the|the|one|use|she|pre|tue|joe|volunteer|que|tie|toe|lie|sue|pie|ste|une|sie
00ff00,of|of|if|nfl|sf|rf|tft|staffing|mf|pf|griffin|lf|tf
aa00dd,and|and|aid|aud|amd
000000,to|to|in|is|on|this|with|i|you|it|not|or|your|will|us|my|our|no|information|up|out|only|so|his|who|now|pm|how|s|its|x|top|list|just|into|two|n|go|work|most|post|t|support|rights|high|through|m|links|r|group|program|know|p|must|right|using|within|shipping|l|long|w|show|o|sign|link|south|uk|own|sports|g|photo|h|him|without|think|north|posts|history|including|shop|government|v|shopping|previous|john|hours|non|k|y|why|still|quality|listing|visit|tools|low|york|j|u|print|room|training|too|point|join|look|photos|industry|tv|hot|questions|july|going|looking|things|working|got|login|programs|q|story|options|young|ii|girls|z|question|night|light|nov|groups|might|month|sun|rss|porn|similar|million|run|popular|stories|put|journal|try|until|months|log|living|short|lot|solutions|whether|upon|planning|pro|st|url|works|written|hosting|thing|minutes|tips|plus|unit|though|risk|linux|jul|town|points|jun|girl|toys|position|sort|listings|known|sony|shows|writing|html|loss|oil|thought|oh|turn|growth|king|port|stop|institute|soon|ny|printer|organization|lost|tour|wish|solution|supply|nothing|usr|running|union|mon|hour|skills|six|military|zip|logo|ok|investment|shown|ms|starting|hi|took|inn|song|los|hp|rooms|win|tool|spring|ip|hill|smith|prior|sport|simply|station|option|thu|strong|ship|tx|opportunity|kit|william|thus|pussy|lists|son|providing|housing|iii|gmt|trying|xml|programme|input|units|ships|opinion|output|mr|trust|multi|photography|skin|il|ring|mountain|organizations|pop|int|northern|morning|hit|transportation|mm|pool|mini|mission|string|moving|php|southern|youth|throughout|msn|playing|virtual|instructions|min|minimum|host|understanding|songs|wrong|ohio|un|instruments|unknown|trip|pst|worth|mi|poor|xxx|tom|showing|progress|transport|hits|th|spanish|monthly|russian|guy|vol|pp|skip|os|lots|illinois|jump|motion|looks|visitors|monitor|giving|vision|highly|publishing|www|root|pink|monitoring|shot|initial|thinking|po|motor|shirt|johnson|miss|nor|italian|jim|joint|premium|growing|km|limit|louis|shops|thoughts|quantity|tours|nursing|guys|im|vs|spirit|porno|mo|mount|xp|tits|virus|quarter|kong|missing|houston|sorry|opening|snow|truth|williams|printing|shirts|institutions|workshop|wi|lighting|sponsor|soul|opinions|nj|hr|tourism|priority|iv|rw|winning|iron|miscellaneous|integration|mix|vhs|hong|signs|origin|ups|zoom|protocol|nt|provisions|null|pr|roll|toronto|springs|missouri|translation|injury|mt|ministry|sharing|won|slightly|minor|mom|physics|row|oz|singles|mg|infrastructure|originally|philosophy|supports|nutrition|junior|toll|rings|tip|whom|ski|import|posting|viewing|moon|utility|preview|rs|previously|smoking|positions|sky|rom|provision|luxury|toy|slow|hip|printers|mostly|spot|prints|grow|promotion|hiv|onto|zum|tim|sql|ss|runs|hills|nm|mn|wilson|irish|stations|gps|op|ink|tn|transit|lights|stephen|pin|playstation|instruction|smaller|gnu|kill|modules|knows|mississippi|supporting|plug|virgin|investigation|institution|sporting|transmission|tony|kits|soil|psychology|sponsors|holy|highway|poll|glossary|unix|portion|tm|upcoming|sp|hop|mouth|interviews|nh|gun|mysql|organisation|storm|submission|limits|pilot|ph|pt|truly|slot|psp|mirror|sterling|journals|lg|swiss|publishers|nights|loop|gourmet|premier|tomorrow|milk|visiting|nw|millions|push|iso|polls|yours|sum|tonight|swimming|ps|sir|kim|symptoms|visitor|twin|ky|transition|spy|instrument|split|pregnant|hollywood|lo|hunting|suit|ml|sit|photographs|wow|simon|shots|intellectual|outlook|voip|journey|risks|ports|kg|pull|ut|investments|si|voting|subscriptions|strip|plot|qty|possibly|pump|smooth|uniprotkb|lp|sitting|putting|vietnam|trailer|willing|upskirt|logos|von|vi|humor|monitors|indonesia|pursuant|visits|tight|sin|improving|organisations|pg|ing|ks|python|monster|sw|wing|governments|tiny|trips|turns|jr|instructor|vinyl|highlights|mining|ongoing|worst|imaging|wyoming|thongs|volunteers|honor|workshops|underground|nv|gross|strongly|hilton|horror|su|till|involving|victory|joy|sr|jon|nr|ill|interpretation|lol|mp|optimization|wings|thin|mph|turning|immigration|li|prison|skill|nl|surrounding|mountains|inquiry|throw|summit|victims|tr|ron|platinum|judgment|nz|org|hist|thompson|rolling|tourist|presentations|pour|lodging|tion|wiki|kings|shooting|nsw|pollution|guestbook|kiss|queries|rush|shoppers|phil|http|simpson|twiki|wins|ordinary|ghost|mit|knowing|ross|solo|rm|publish|sri|thermal|vt|urw|rising|wishlist|insight|sms|shit|trailers|philips|glasses|orgy|pupils|xx|grown|polish|gm|ri|troops|rt|shopper|tokyo|nikon|pills|hunt|spanking|mill|pl|motors|tough|worship|shorts|minority|johnny|sm|promotions|sight|towns|wv|worry|ns|sons|glory|overnight|hrs|silk|jimmy|slowly|portions|promoting|grounds|hurt|pot|wright|img|slip|quarterly|rpm|nipples|tvs|mhz|orientation|pill|swing|shoot|mint|philip|gi|spin|sur|roots|losing|glasgow|ll|knight|linking|ho|gt|sh|unusual|slots|sought|guns|horny|rio|hs|treatments|rv|punk|pi|ot|hosts|strings|mrs|opposition|yr|supervisor|morris|killing|lookup|roy|ion|tit|intervention|pissing|plugin|younger|thirty|intro|zus|mills|quiz|mx|gr|xhtml|minimal|tops|outsourcing|ts|shut|thou|midnight|ng|photographer|turkish|quantum|tt|zoo|rough|lion|goto|pointer|muslim|xl|township|robinson|hook|skiing|timing|tu|ghz|organizational|rr|sing|tons|trunk|hiking|photograph|underlying|wrestling|photoshop|jp|statutory|sl|isp|ins|yorkshire|initially|jpg|norton|planner|mins|ssl|proxy|opt|gp|puts|tin|submissions|ir|portrait|mobility|joining|guilty|jury|soup|potentially|inclusive|msg|thru|nylon|trim|hospitality|singing|starring|nhl|optimal|quit|protocols|lung|highlight|inclusion|sucking|ti|grill|gs|montgomery|virtually|lynn|loving|routing|stanley|spots|oo|similarly|ni|murphy|thinks|phillips|justin|mirrors|spotlight|thy|tri|proportion|skirt|um|symposium|nn|solving|kingston|sixth|noon|imports|supervision|gym|tuition|signup|puzzles|piss|yo|lotus|olympus|starter|stylish|slim|ls|mounting|upskirts|hon|oils|whilst|spatial|unto|lt|prompt|sunny|uv|qualify|pumps|slut|sg|pos|utils|phys|previews|governmental|moms|tommy|synthesis|ist|honolulu|lips|rolls|thomson|physiology|lil|unions|sys|josh|investigations|solomon|stops|trainer|volumes|pty|ws|nuts|sox|shelter|zoophilia|univ|logging|inns|np|staying|jo|signing|synopsis|photographic|hoping|spirits|por|viruses|swim|yn|lithuania|kijiji|vii|unity|trigger|hiring|theorem|ruth|stylus|hung|pit|mono|squirting|rx|illustration|plymouth|gsm|inspiration|stunning|sluts|shopzilla|ton|hints|twinks|unlikely|pros|gpl|wy|phi|mls|missions|lying|volt|playlist|supporters|ruling|plugins|publicly|hourly|swingers|ons|xnxx|sink|spirituality|timothy|grip|shortly|pins|polo|rpg|horn|prot|grammar|logs|tgp|gregory|illustrations|suits|ur|startup|suzuki|kissing|sim|trinity|troy|ln|mixing|twins|rip|sprint|sims|inputs|thong|sol|honors|lip|subcommittee|slight|wool|msgstr|mw|horizon|nu|lightning|ou|oops|xi|sku|ht|insights|sociology|mobiles|pts|rh|rrp|ought|traditions|throws|uruguay|ooo|hz|transform|tuning|highs|nhs|tumor|ugly|mistress|sk|yu|rows|notion|sq|skins|spelling|quarters|poly|wp|powerpoint|surplus|punishment|om|zoning|gravity|lightweight|tp|mighty|jm|gis|snapshot|worn|synthetic|vp|twist|sponsorship|trio|uncertainty|milton|rugs|viewpicture|volvo|gui|rn|rim|ivory|implies|submitting|shipment|incoming|hwy|ix|pig|minus|imagination|lit|rhythm|symphony|precipitation|lions|pools|yrs|muslims|howto|worthy|sig|str|quantitative|subdivision|vip|sustainability|holly|silly|wrapping|rj|rug|shortcuts|hull|modular|instrumental|organizing|winston|gratuit|translations|posing|rp|thanksgiving|hopkins|usgs|puppy|lows|italiano|roughly|gst|promo|jj|jill|quizzes|typing|pointing|viii|myanmar|thoroughly|questionnaire|origins|rl|gl|ui|licking|vpn|kills|ro|junk|theology|nut|zshops|irs|postings|kitty|luis|onion|uw|informative|mil|hugh|utilization|ping|stopping|knights|hypothesis|trainers|intersection|hh|lighter|uh|prix|trusts|pillow|shorter|shannon|hungry|wm|pk|ppm|strikes|publicity|proposition|pressing|uri|thrown|wrist|squirt|psi|smilies|sn|stephanie|hitting|yukon|issn|striking|myth|singh|gig|outputs|phenomenon|insulin|mysimon|sorts|integrating|limiting|hint|wn|liz|picking|sv|openings|pork|zu|pushing|llp|vg|tmp|instructors|stationery|unauthorized|wiring|io|uni|grows|ul|ol|js|pn|mu|opponent|hq|wt|omissions|writings|mv|mpg|prototype|importantly|strips|gossip|mh|worm|skirts|highways|preston|tions|workstation|urls|investigators|gg|og|ko|owns|til|invision|wto|ww|guru|skating|pix|pulling|touring|mj|humanitarian|survivor|johns|nil|joins|tooth|portraits|immigrants|hk|moss|ty|surprising|sherman|workout|mtv|stating|opponents|triumph|plots|greensboro|locking|simpsons|lou|justify|pgp|loops|sip|pj|installations|souls|practitioner|wr|hollow|rg|pursuit|wx|survivors|positioning|trout|transmit|usps|planners|psychiatry|glow|violin|prophet|promptly|hu|kw|phantom|norm|supervisors|ips|gtk|ru|toolkit|promising|qt|portsmouth|wu|willow|throwing|lu|smtp|thorough|kurt|optimum|quilt|huntington|ours|mounts|internship|shipments|stripes|lm|kirk|jumping|polymer|wit|poultry|immunology|johnston|qui|intl|morrison|viking|knit|mug|knitting|hl|translator|hugo|strengthening|gzip|wishing|smallest|monsters|lightbox|poison
aa0000,a|a|at|as|all|an|any|am|art|air|al|ask|aug|ago|apr|ass|az|au|ar|aim|ann|avg|ap|aol|arm|ag|asp|av|api|ak|amp|ah|ai|app|amy|aaron|alt|atm|ash|ali|avi|arg|ati|aj|aus|asn|ant|apt|aw
ff0000,for|for|f|fun|fri|fl|fit|fi|ft|fix|fr|fly|fox|fm|fig|ftp|fy|flu|fw|fs|fx|fg|foo|fog|fur|fp|fu|fo|fin
00a000,that|that|what|than|location|small|shall|start|plan|play|status|star|usually|thanks|loan|loans|stay|plans|islands|glass|thank|operations|italy|locations|stars|strategy|greater|iraq|plant|spain|updates|grant|installation|goal|oral|towards|goals|smart|plants|ontario|stats|straight|train|strategic|spam|speaker|theater|gratis|miami|speakers|utah|orlando|greatest|preparation|sharp|totally|grants|speaking|plain|iran|trail|starts|plays|gray|piano|ryan|giant|stamps|situations|graph|okay|trans|iraqi|thai|tranny|vitamin|grass|soap|wrap|installing|greatly|pleasant|sharon|indianapolis|locator|juan|grain|vitamins|thats|stamp|theaters|trails|locally|treasury|solaris|royalty|span|therapeutic|violations|updating|stat|pray|trains|joan|snap|substantially|swap|tray|quotations|plains|trap|ipaq|invasion|humanity|shaw|gras|oval|trash|guam|rotation|treating|nicaragua|giants|infants|graphs|phrases|pirates|richardson|whats|titanium|oman|granny|shark|stan|stays|spank|travis|grams|goat|istanbul|organisms|spas|threatening
bb0000,by|by|but|b|buy|big|box|bit|boy|bin|bus|bug|br|bio|biz|bmw|bs|bi|bt|bp|bow|bk|bm|bon|bo|bw|bl|bg
bbee00,be|be|ben|bet
aa00ee,are|are|age|ave|aye|ate
f00000,from|from|first|full|forum|following|form|forums|four|film|further|front|follow|furniture|forms|floor|fish|fully|fucking|fiction|flow|firm|fishing|foot|flight|follows|films|fill|fort|funny|flights|forgot|fight|font|figures|finish|fourth|firms|fruit|forth|fighting|flashing|flying|franklin|filing|folk|foto|folks|functionality|fits|florist|fisting|fonts|florists|fotos|fusion|flows|frequent|filling|focuses|focusing|freight|furnishings|fiji|frog|fruits|flip|floors|fork|forming|fool|futures|forty|fujitsu|fist|fitting|flooring|finishing|fighters|fountain|finnish|fighter|funk|floppy|flux|framing|fuji|frost|flush|functioning|funky|fought|flashers|fossil|foul|fuzzy|flour|frankfurt
0a0e00,have|have|page|name|make|games|management|take|same|pages|game|water|rate|save|sale|sales|gallery|payment|rates|paper|latest|marketing|james|makes|taken|lake|later|names|male|late|patients|takes|panel|rape|papers|variety|parent|largest|markets|patient|gave|pattern|laser|taxes|payments|partnership|tape|parameters|matters|wales|rare|layer|lawyers|patterns|lane|wave|patent|hate|jane|happens|gate|maker|waters|masters|lakes|targets|wake|makers|kate|karen|talent|gadgets|partnerships|wage|happening|largely|tales|waves|gathering|gates|haven|latex|saver|tale|panels|salem|mate|tapes|janet|jackets|harvest|layers|wages|males|packets|rarely|sage|tablets|saves|namely|makeup|markers|sake|jake|rage|sagem|yale|rangers|madness|pale|hayes|gale|lately|lanes|ware|gage
00ee00,new|new|we|he|get|me|re|her|sex|set|per|men|yes|let|key|yet|net|green|sep|tel|tree|ie|le|steel|ten|pet|sheet|met|se|queen|sweet|ne|sleep|les|hey|trees|wheel|greek|proceedings|wet|res|sheets|wheels|leg|jet|ken|pen|streets|te|reg|rep|rev|ge|pe|seo|oem|gen|gel|ye|je|sheep|mem|thee|knee|oe|threesome|leo|geo|ve|tex|neo|proceeding|ver|zen|ser|queens|sheer|len|gem|yen|leu|sleeps|mel|seq|sen
000e00,more|more|home|other|time|site|some|like|hotel|line|hotels|type|subject|women|project|power|systems|size|times|sites|love|property|money|note|live|june|give|poker|given|others|society|sure|miles|present|rules|tickets|true|projects|none|shoes|notes|river|players|types|lines|hope|role|lower|huge|move|homes|super|therefore|owners|wine|vote|owner|rule|likely|protein|unless|phentermine|subjects|mike|workers|museum|interesting|implementation|zone|highest|gives|lowest|lives|surgery|jones|rose|upper|protect|prevent|hire|suggest|moment|minnesota|posters|gone|nuclear|votes|wire|joseph|rise|intel|mine|voyeur|household|nine|hole|stress|lose|sizes|pure|mile|presents|novel|properly|rome|tower|jose|insert|powers|writers|listening|mystery|womens|surveys|siemens|inner|tone|quiet|proteins|shoe|pipe|moves|progressive|russell|pottery|roger|inter|winners|suggests|whereas|jokes|pioneer|lovely|pine|tiger|supplements|roses|sole|tones|wise|roles|supplement|silent|witness|loves|illness|liver|nike|orchestra|lottery|intent|holes|outer|rivers|lite|honest|tune|prospective|violent|toner|nose|pixels|rogers|projector|sisters|solely|voters|invest|honey|lovers|suspect|likes|zones|isle|luke|traveling|lopez|timely|hopes|pole|mothers|lover|tire|motel|ripe|joke|powell|wines|nursery|travesti|pixel|indigenous|routers|surely|pope|topless|rover|tile|hottest|stevens|thereby|protest|tries|showers|tires|gorgeous|nuke|zope|suse|motels|inspector|midwest|lonely|novels|timer|tyler|towers|priest|soonest|tigers|rope|hose|kilometers|urgent|tunes|planets|troubleshooting|gore|muze|supplemental|tuner|wives|vsnet|msie|pockets|pipes|grateful|hostels|spies|mime|longest|token|kyle|travels|moses|tragedy|prayers|mixer|upset|mines|possess|wires|niger|surgeon|movers|presently|tiles|pose|viewers|urge|inexpensive|interventions|lone|lime|surgeons|wiley|pike|outlets
00aa00,was|was|has|may|jan|map|way|law|man|gay|la|say|san|tax|pay|war|mar|gas|sat|pa|ma|max|van|las|saw|na|va|ga|sa|wa|tag|ray|var|raw|hat|ram|sam|pan|ia|ha|oak|vat|jay|gap|par|ran|lay|ya|pat|ian|ra|lan|ja|ta|lat|jam|val|rap|rat|pal|mat|tan|nav|tap|mag|wal|sap|za|nat|kay|nam|tar|ka|wav|ham|mas|kai|jar|wax|lap|sao|pas|sas|hay|pam|mai|wan
ccaa00,can|can|car|ca|cat|cap|cam|cal|cas
ab0000,about|about|ability|absolutely|abortion|absorption
0ea0c0,search|search
f0ee00,free|free|fleet|freely
dd0000,do|do|d|dog|dr|di|dj|du|dry|dot|dsl|don|ds|dv|dir|dos|dl|dns|dt|dm|div|diy|dp|dx|dig|dpi|dis|duo|dom|dh|dk|dg|dip|dow|dui|dim|dts
00e000,they|they|their|when|view|over|them|then|items|user|university|item|open|press|however|users|something|professional|interest|step|wireless|views|uses|processing|guest|prev|otherwise|pretty|trademarks|theory|goes|successful|interests|steps|presentation|ones|oregon|sitemap|movement|statements|powerful|knew|query|suggestions|spent|guess|prevention|strength|phoenix|ordering|interior|poetry|guests|investor|lifestyle|inventory|twenty|illegal|shell|governor|numerous|superior|poverty|puerto|licensing|universities|ownership|grey|successfully|moderator|liberal|liberty|investors|investing|lies|greg|modeling|subsequent|mpeg|plenty|quest|opens|implementing|roberts|integrity|suspension|literary|poems|integer|moments|sleeping|stretch|museums|mineral|steering|threshold|stem|grew|trek|ties|processors|thesis|movements|liverpool|suggestion|oven|intensive|joel|governing|preservation|interim|intensity|greeting|glen|profession|somehow|homework|possession|poem|millennium|monetary|spell|prep|minerals|invention|myers|incentive|thehun|intention|klein|livesex|glenn|jpeg|impression|volleyball|independently|treo|subsequently|wilderness|strengths|literally|tier|preventing|greetings|smell|modelling|presenting|indexes|poet|pokemon|prerequisite|travelling|homeless|tremendous|owen|sperm|momentum|robertson|suggesting|mpegs|hometown|mysterious|novelty|insertion
000c00,which|which|stock|production|quick|structure|sources|publications|publication|musical|touch|truck|optical|stick|stocks|lunch|typical|misc|sufficient|notices|typically|productions|productivity|principle|princess|shock|thick|trucks|physicians|implications|logical|indicator|moscow|strictly|tricks|switching|syndication|pitch|proc|morocco|silicon|stuck|modifications|transcript|trick|princeton|innocent|notifications|spencer|prediction|punch|sync|witch|physically|hydrocodone|sticks|induction|holocaust|sticky|predictions|zinc|ntsc|transcripts|knock|indices|sufficiently
0e0000,news|news|help|next|well|very|report|terms|results|technology|version|section|security|network|text|return|reply|west|test|person|less|memory|sell|result|meeting|learning|term|reports|tell|weather|region|records|getting|weight|methods|yellow|menu|length|returns|sent|went|registration|regular|networks|technologies|senior|sexy|testing|responsibility|resolution|session|rest|television|sets|rent|gets|relationship|setting|networking|selling|resort|leather|persons|tests|settings|replies|sections|religion|permission|meetings|seconds|hearing|serious|reporting|recovery|reasons|religious|recipes|jesus|hello|reality|height|zero|kelly|healthy|legislation|serving|relationships|helps|recording|regions|meaning|henry|seeking|kept|removal|kentucky|revision|permit|tennis|pets|sexo|keeping|reservations|versions|kevin|helping|perl|leaving|keys|mesh|setup|jewish|hell|lessons|lens|neither|lewis|legs|mens|recognition|territory|weapons|resulting|sessions|reservation|newly|performing|periods|resorts|vermont|relatively|registry|revolution|seminar|sensitive|technique|metro|penis|legislative|mention|lesson|heating|responsibilities|semi|terrorism|restrictions|lets|necessarily|tells|heights|healing|nelson|seriously|kent|kerry|keith|personally|recognize|telling|wells|terry|jerry|regularly|sensor|pension|rehabilitation|seminars|geography|versus|sectors|personalized|wearing|hero|restoration|returning|petition|memphis|texts|seasons|peru|terror|temp|metropolitan|pentium|requiring|permits|neil|measuring|personality|jelsoft|terrorist|neutral|seniors|jews|legislature|termination|testimony|perry|penn|recruiting|permissions|recover|newton|sept|respondents|peoples|removing|sensitivity|wellness|newport|verizon|seating|heather|rely|lemon|respondent|repository|negotiations|realistic|reunion|sells|leasing|reasonably|webster|letting|menus|sensors|veterinary|heavily|meanwhile|reno|perth|retro|semiconductor|nervous|neighbors|webshots|respiratory|kelkoo|recipients|reprints|resolutions|ment|welsh|petersburg|restriction|reconstruction|terrorists|penny|remix|tension|wellington|mess|weblogs|realtors|genius|meaningful|memo|pest|responding|peninsula|tent|weights|merit|lexington|vernon|reforms|merry|hearings|sewing|relying|lexus|jenny|geology|kenny|xerox|revisions|reasoning|realtor|leon|religions|serum|penguin|reprint|penetration|pens|televisions|neighbor|learners|levy|nest|pensions|mentor|negotiation|gently|securely|temporarily|persistent|persian|keno|resumes|neon|terminology|jets|resist
00e0e0,there|there|these|where|internet|november|together|license|someone|properties|guidelines|steve|theme|themes|stereo|steven|somewhere|moreover|licence|housewares|viewer|licenses|silence|intense|queue|somerset|housewives
00eeee,see|see|lee|pee|tee
c00a00,contact|contact|company|contains|contacts|contain|compact|contractor|contractors|complaints|constantly|coral|companion|contracting|comparing
0e0e00,here|here|were|reviews|level|never|request|western|sellers|levels|peter|respect|seven|letters|servers|requests|recommendations|gene|representative|newest|representatives|retirement|meter|reflect|perspective|representation|recommendation|settlement|nearest|segment|secrets|kennedy|genes|herein|meters|merely|hewlett|reuters|reset|kenneth|pete|helen|perspectives|jeremy|reflects|geometry|vessels|mere|segments|newer|retreat|representations|renew|reviewing|yemen|seekers|jewel|meyer|refresh
b00000,business|business|books|book|both|blog|bill|bush|british|button|browser|brown|built|bring|buying|boys|born|boston|blogs|bottom|brought|birth|brother|billion|bought|blow|bonus|bookmark|booking|biology|biography|bowl|brothers|boot|bits|bright|blogger|boots|bills|bulk|bugs|busy|brings|bringing|busty|burning|buttons|butt|boss|booty|boost|burn|billy|billing|bristol|bikini|blogging|bookstore|britney|bishop|browsing|bull|brooklyn|brush|bowling|brooks|bingo|burns|butts|bios|bottles|boxing|brussels|buzz|boom|burton|booth|browsers|brighton|bookmarks|biol|bloggers|bookings|borough|boring|boating|brook|buys|burlington|bibliographic|bunny|blowing|blanket|bloom|biodiversity|blink|bolt|bool|burst|bouquet
00eebb,web|web
a00000,also|also|another|author|april|against|august|analysis|australia|arts|auto|amount|along|among|although|apply|anything|airport|artist|allow|almost|anti|assessment|authority|artists|alternative|allows|authors|army|auction|architecture|argument|apartments|auctions|atom|anonymous|austin|assist|amounts|automatic|arms|amazing|alcohol|antonio|alumni|asking|allowing|anthony|analyst|applies|algorithm|attribute|arrival|assumes|arthur|assignment|applying|aluminum|arguments|authentication|aims|alternatives|axis|aging|arrow|arising|astronomy|artwork|assignments|authorization|algorithms|asin|approx|autos|autumn|assessments|antivirus|angry|asks|airports|arthritis|assuming|arlington|apps|amino|assumption|albuquerque|assumptions|amongst|analysts|anatomy|assign|armstrong|architects|attempting|alto|astrology|avon|atmospheric|ambassador|armor|asus|alot|appropriations|arbitration|anthropology|annoying|align|alloy|arrivals|assists|auditor|apollo|aluminium|arrives|asylum
00000e,online|online|software|little|single|possible|simple|published|google|sponsored|volume|mortgage|opportunities|multiple|unique|publisher|positive|pressure|submitted|ringtones|minute|username|supported|ultimate|utilities|unlimited|qualified|strike|philippines|ringtone|mortgages|lounge|purple|impossible|tissue|surprise|ignore|puzzle|showtimes|unlike|illustrated|triple|invite|opposite|stroke|portuguese|struggle|substitute|louisville|surprised|tongue|transmitted|spouse|unemployment|sunshine|sophisticated|monroe|inquiries|immune|nickname|inline|prostores|pichunter|liabilities|pursue|nipple|initiated|moisture|minimize|jungle|premiere|incomplete|infinite|microphone|interstate|roommate|horrible|louise|prostate|highlighted|qualities|intimate|interpreted|powerseller|optimize|nominated|monitored|motivated|groove|greenhouse|turtle|impose|virtue|roommates|myrtle|infringement
cc0000,c|c|co|com|cut|cup|cum|cvs|cm|ct|con|ch|cs|css|cr|cpu|cst|cp|crm|cl|cry|chi|cv|cox|cms|cnn|cu|cgi|ci|cow|col|cn|cg|cos|cio|cop|cj|cw|cir|cho|cz
ee0000,e|e|et|en|eur|eg|el|est|ex|eu|em|es|er|exp|egg|ent|ext|eng|ep|eq|eh|ev|erp|ez|eos
bee000,been|been|beer|beverly
0000d0,would|would|world|limited|sound|third|knowledge|started|round|solid|sounds|printed|planned|wikipedia|granted|pounds|proud|shipped|stopped|visited|invited|trusted|pound|trained|mounted|stood|pointed|worlds|opposed|imposed|implied|sword|injured|guild|skilled|ignored|msgid|lloyd|insured|worried|twisted|wrapped|wound|rounds|pressed
0e00e0,services|services|service|review|website|register|series|server|seller|requirements|letter|require|sense|requires|jersey|recommend|techniques|websites|measures|serve|seattle|measure|requirement|leisure|securities|genre|kernel|jennifer|measurement|recruitment|medline|lecture|venture|memories|serves|measurements|reporter|venue|realize|recorder|genuine|recipient|lenses|restore|heroes|resolve|pepper|venues|petroleum|lectures|vessel|genres|reminder|verse|headphones|jesse|nerve|texture|textile|recorders|leone|refugees|lesser|helmet|merger|nextel|merge|reporters|vertex|ventures|velvet|wesley|metres|textiles
c00c00,click|click|council|cisco|clock|curriculum|choices|chuck|clocks|chicks|chances|conducting|chick|complications|clicks|conscious|councils|conviction|circus
f00d00,find|find|food|fund|funds|ford|foods|finds|founder|fold|friendship
000ce0,price|price|prices|since|policies|voice|twice|switches|voices|juice|widescreen|spice|porsche|joyce
da0e00,date|date|dates|dave|dangerous|dale|dare|dame
bac000,back|back|backup|bacon
0e000e,people|people|response|george|remote|remove|personnel|mentioned|healthcare|newspaper|reasonable|heritage|template|responses|resume|templates|temple|permitted|headquarters|territories|regime|terrible|nevertheless|jerusalem|regulated|genome|retrieved|remarkable|legitimate|gentle|retrieve|leslie|settle|petite|recovered|westminster
00aadd,had|had|mad|pad|sad
00a0e0,state|state|travel|states|image|share|images|player|treatment|stage|phase|theatre|shares|planet|shape|usage|plate|romance|strange|plane|prayer|ukraine|plates|stages|slave|spare|snake|shapes|grave|shake|shame|guarantees|planes|whale|tomatoes|phases|signatures|stranger|potatoes|stake
0ea000,year|year|health|years|real|learn|team|really|least|means|heart|near|mean|season|reason|restaurants|relations|regarding|restaurant|hear|gear|heat|heavy|teams|nearly|wear|seat|yeah|remains|peak|jean|relating|relation|rear|remaining|pearl|meant|meat|seats|seal|sean|senator|wealth|penalty|mechanisms|weak|hearts|regards|meal|lebanon|jeans|meals|remarks|repairs|weapon|realty|tears|rewards|legally|webmasters|lean|heath|realm|yeast|relates|yearly|peas|rebates|hepatitis|tear|senators|seas
ddaa00,day|day|da|dan|dam|das|dat
e0a000,email|email|expansion|exam|explanation|emails|equation|evans|equally|expansys|equations|expanding|equality|exhaust|embassy|exams|estates|eval|enhancing|explaining|engaging
00ed00,used|used|ingredients|tied|sublimedirectory|shed|knowledgestorm
0a0000,last|last|many|mail|part|want|rating|main|yahoo|party|park|making|major|washington|having|past|natural|says|parts|talk|mark|various|paul|taking|maps|ratings|happy|hall|hair|wall|partners|maximum|warning|ways|pass|mary|mailing|partner|parties|martin|paris|path|laws|nation|palm|pain|mass|task|walk|wait|saint|samsung|tags|saying|talking|latin|rank|jackson|parking|harry|maintain|savings|wants|gain|laptop|gaming|nations|waiting|jazz|samples|math|majority|matrix|wars|taylor|ratio|rain|pair|parks|salt|walking|matt|hampshire|warm|laptops|tank|navy|paint|painting|saving|gary|vary|jason|tasks|marks|mapping|paying|patrick|hairy|narrow|marshall|hamilton|rail|matthew|pants|gang|madison|mainly|layout|taught|harris|larry|talks|passing|mall|mayor|walls|lamp|partial|nashville|ranking|tall|partly|passion|raising|mars|wash|habitat|ralph|latinas|vast|mask|sampling|rankings|hats|jacksonville|hang|lamps|paintings|railway|parish|naturally|tail|lawn|pantyhose|marriott|macintosh|ranging|mart|hanging|gains|panties|margin|salon|harm|laugh|salmon|harrison|pays|lang|mason|mario|pairs|sailing|oasis|passport|rally|nail|packing|satisfy|hampton|paths|nano|martial|rats|tanks|warnings|payroll|pathology|watson|washing|watt|warrior|valium|latino|harmony|walks|patio|karl|jail|wanting|masturbating|nasty|watts|hart|haiti|naturals|taxi|partially|ranks|manor|marilyn|warming|saints|marion|naughty|tattoo|maintains|partition|wang|kathy|patrol|satin|mailto|hawk|lasting|hans|nails|saturn|sans|lawsuit|mauritius|pavilion|tactics|rays|walt|warriors|halo|gays|varying|maui|sally|pastor|laughing|hash|lazy|mats|marking|navigator|nationally|gaps|nato|paragraphs|mattress|ratios|walnut|mali|masturbation|yang|vault|mails|paxil|gabriel|oaks|paso|mailman|sanyo|tamil|garmin|sail|harassment|wagon|yarn|mating|marsh|laos
00d000,products|products|product|windows|studies|kids|outdoor|trading|outdoors|width|holding|loading|soldiers|riding|studios|indoor|tradition|producing|swedish|stadium|holdings|soldier|studying|midi|hudson|sodium|windsor|gods|judy|shadows|nudist|lindsay|predict|toddler|undo|vids|mods|nudity|gradually
0000c0,music|music|policy|topic|topics|lyrics|statistics|graphics|politics|switch|plastic|graphic|pharmacy|logic|struct|olympic|toxic|struck|strict|olympics|indirect|optics|sonic|prospect|prospects|lyric|logitech|pontiac|munich|plastics|unlock
da0a00,data|data|dana
00000d,should|should|understand|ground|thousands|thailand|portland|liquid|thousand|richmond|stupid|understood|queensland|highland|surround|likelihood|shepherd|longitude
0000e0,system|system|store|those|phone|house|while|pictures|white|title|movies|include|provide|movie|issues|stores|quote|issue|write|picture|president|includes|provides|style|whole|higher|supplies|silver|outside|phones|summer|purpose|survey|improve|transfer|overview|quite|horse|mother|wrote|longer|winter|purposes|quotes|titles|justice|suite|minister|whose|listen|stone|poster|provider|providers|prime|improvement|mouse|promote|intelligence|route|industries|houses|hunter|writer|turkey|proper|miller|suites|suppliers|noise|sister|styles|supplier|outlet|winner|potter|shower|northwest|moore|router|pulse|milfhunter|improvements|stainless|imagine|injuries|unfortunately|nurse|smoke|prize|horses|worker|prove|promise|limousines|worse|grove|involvement|losses|sublime|southwest|writes|intelligent|smile|solve|proven|involves|nutten|stones|gnome|gospel|shore|loose|routine|torture|inkjet|shoulder|singer|suppose|involve|outline|sunset|spoke|oxygen|transfers|gloves|priorities|skype|titten|nurses|killer|procurement|turner|spoken|wishes|monkey|premises|julie|toilet|routes|springfield|oliver|olive|soviet|stronger|statute|mixture|theories|prairie|tunnel|incentives|practitioners|shuttle|hughes|photographers|survive|statutes|ministers|hormone|undertaken|transparent|roller|hydrogen|knives|sussex|invoice|prizes|roster|gotten|humanities|trustees|runner|strengthen|stolen|quantities|holmes|itunes|volkswagen|porter|prisoners|sunrise|surrey|promises|ministries|slope|prominent|monte|luther|propose|trustee|rouge|routines|utilize|nitrogen|kruger|inquire|privilege|institutes|shine|ozone|runtime|hostel|privileges|springer|purse|surge|transparency|spine|thriller|hunger|missile|voyuer|whore|notre|promotes|prisoner
c00000,city|city|copyright|community|county|control|country|conditions|cost|changes|court|color|common|costs|construction|chapter|copy|commission|cross|corporation|clothing|coming|courses|channel|custom|communications|communication|cool|components|civil|classes|complex|chris|charles|count|congress|configuration|challenge|charges|computing|column|counter|clips|changing|clip|consulting|controls|crystal|colour|christ|combination|colors|clothes|continuing|citizens|cook|chemistry|cooking|channels|cotton|commitment|constant|consistent|continuous|contribution|constitution|consultation|classroom|const|charlotte|chip|cutting|crisis|consolidation|consultants|charter|courts|consumption|consultant|contrast|conclusion|closing|columns|cookies|cruises|commit|corresponding|commissioner|columbus|crown|cumshot|coins|citizen|consists|concentration|composition|coupons|championship|clinton|commons|cincinnati|counts|counsel|cluster|couples|champion|coastal|charity|chips|charger|cooling|customize|complaint|cumshots|cyprus|comply|cuts|chapters|choosing|collins|corp|conditioning|coalition|confirmation|corps|compilation|consult|cycling|commonly|conclusions|compatibility|customs|crop|corporations|courtesy|criticism|coupon|corn|counters|constitutional|constraints|crossing|critics|coin|cloth|comp|composite|congo|christians|cups|contributors|concentrations|christianity|christina|colin|contrary|colours|copyrights|conjunction|corruption|cruz|controlling|curious|courier|contributing|clinics|circulation|cognitive|counting|columnists|copying|crops|champions|creativity|consortium|custody|comm|consistently|cons|chester|clarity|consisting|championships|chorus|christine|consist|commodity|combinations|cornwall|cult|curtis|civilization|coating|continuity|chargers|chassis|clusters|contributor|conversations|champagne|charging|commitments|cunt|customise|computation|configuring|continuously|charming|commissions|cork|colon|contamination|changelog|colony|continually|communist|controversy|choir|corpus|cursor|crossword|constraint|ctrl|cocktail|configurations
aadddd,add|add
000be0,number|number|trouble|visible|globe|probe|timber|tribe|tribes
00c000,such|such|special|much|rock|pics|kitchen|species|pricing|quickly|pick|rich|inch|wisconsin|specials|subscription|prescription|tracking|specialty|suck|lock|micro|lincoln|specify|nick|luck|picks|sick|spectrum|rico|lucky|rick|precision|kick|rocks|mitchell|victim|tracker|lycos|rocky|junction|precious|victor|pickup|placing|stockings|stickers|socks|infections|tucson|sucks|transcription|sticker|locks|lucy|specially|infectious|muscles|incl|municipality|stockholm|tractor|ricky
00ea0e,please|please
a000b0,available|available
0e0ae0,message|message|messages|permanent|replace|teenage|vegetables|terrace|testament|webpage
af0e00,after|after
be0000,best|best|being|below|beginning|begin|becomes|bedroom|bell|belgium|begins|becoming|beastiality|berlin|belt|betting|bedrooms|bearing|beijing|belong|beatles|begun|berry|belly|benz|betty|belongs|belkin|beth|beings|belts|beautifully|bent
000d00,good|good|study|london|gold|window|word|words|holiday|kingdom|mind|kind|tuesday|hold|introduction|told|goods|wood|studio|lord|sold|wind|holidays|wild|ipod|kinds|void|standing|spending|grid|holds|pmid|gordon|woods|incident|insider|wisdom|jurisdiction|winds|mood|hood|presidential|minds|stud|pond|loud|humidity|introducing|subsidiary|mild|standings|thunder|hindu|incidents|hyundai|mold|proudly|introductory|subsidiaries
00de00,video|video|order|under|index|students|model|student|side|nude|videos|wide|models|orders|mode|modern|older|hide|ride|node|sides|modem|oldest|modes|widely|holders|suddenly|nodes|slideshow|wondering|rider|wider|tide|rides|riders|modems
00f000,info|info|gift|gifts|soft|specifications|significantly|notification|specification|lift|uniform|profits|modification|inform|transformation|qualifications|norfolk|surfing|wifi|qualification
00b00c,public|public
0c0000,school|school|schools|scott|icon|script|scripts|scientists|scottish|icons|scanner|scoring|scanners|scsi|scroll|scanning|sculpture|scholars|scripting|occurring|scout|scholar|scoop
eac000,each|each
000a00,privacy|privacy|total|library|human|michael|summary|overall|woman|primary|operating|population|operation|trial|programming|royal|situation|install|therapy|interactive|iowa|rural|instant|singapore|signature|operator|specialist|transactions|visa|sugar|transaction|outstanding|tournament|solar|normally|interaction|operators|innovation|primarily|susan|roman|purchasing|usual|simulation|popularity|trials|lisa|spray|yoga|violation|nova|vital|hungary|stewart|moral|specialists|limitations|signals|humans|preparing|migration|titans|interactions|tramadol|strap|islam|populations|instantly|litigation|ultimately|totals|indians|graduation|strain|organ|vulnerability|mortality|stuart|vibrator|vibrators|inflation|kuwait|limitation|invitation|journalism|polar|journalists|simultaneously|motivation|pharmacology|guitars|stomach|tournaments|thesaurus|soma|hotmail|milan|isolation|moderators|miniature|innovations|potato|tsunami|viral|mustang|journalist|irrigation|hydraulic|rosa|nomination|rotary|specializing|tomato|invitations|nominations|logan|orgasm|upgrading|therapist|mrna|southampton|sympathy|simulations|insulation
0ead00,read|read|head|lead|ready|leads|heads|reads
0eed00,need|need|needs|seed|reed|seeds|leeds|weed
0a0d00,said|said|hard|hand|land|paid|hands|random|sand|yard|ward|yards|lands|laid|saudi|rapidly|sandy|laundry|hardly|raid|randy|handy|mardi|rand|validity
ddee00,de|de|dev|del|des|der|den|dem
d0e000,does|does|diet|documentation|diego|dress|diversity|dimension|drew|differential|dies|differently
0ee000,general|general|teen|week|keep|several|meet|seen|weeks|jewelry|teens|telephone|recently|seems|membership|relevant|weekly|temperature|generally|seem|leadership|seeing|receiving|seek|verzeichnis|represents|meets|peer|receipt|keeps|reception|generator|representing|veterans|sees|seeks|renewal|receptor|teeth|peeing|retention|temperatures|veteran|jeep|meetup|genesis|perception|geek|legends|referring|seventh|telephony|reel|requesting|regression|peterson|senegal|keen|generous|necessity|reservoir|heel|telescope|receptors|peers
0eeac0,research|research
0a0a00,january|january|japan|navigation|java|warranty|hawaii|laboratory|sarah|salary|packaging|nasa|para|parliament|wallpapers|radiation|maintaining|variation|manuals|xanax|warrant|laboratories|salvador|sara|naval|galaxy|valuation|narrative|qatar|malawi|manually|salvation
00fe00,life|life|wife|professor|suffering|prefers
da0000,days|days|daily|dating|dark|davis|dawn|damn|danish|darkness|dairy|dayton|danny|darwin|dans|dash|daisy
c000d0,could|could|child|changed|colorado|charged|cloudy|crowd|cloud|claimed|colored|clouds|coupled|counted
00ea00,great|great|speak|increasing|threads|orleans|treat|increasingly|minneapolis|steam|spears|threats|streaming|treaty|streams|wheat|speaks|spreading|steal
0000ed,united|united|posted|provided|listed|included|involved|joined|proposed|signed|informed|worked|sorted|integrated|turned|issued|supplied|looked|logged|improved|hosted|killed|linked|showed|missed|stored|postposted|supposed|inspired|pulled|untitled|quoted|proved|unsigned|imported|translated|promised|outlined|solved|incurred|pushed|rolled|surrounded|simplified|suited|titled|polished|promoted
000a0a,international|international|substantial|ottawa|informational|spectacular|slovakia|hungarian|internationally|guyana|gibraltar|librarian
ce00e0,center|center
eba000,ebay|ebay
c00e00,comments|comments|current|content|come|comment|cover|currently|contents|client|comes|core|connect|correct|context|completely|covers|consent|contest|completion|cute|convert|collect|closely|counseling|correctly|collector|contests|compression|connector|complexity|cole|cure|challenging|consensus|charleston|completing|cite|closest|cohen|cornell|competing|citizenship|complement|criterion|corners|cove|characterization|colleague|cope
0ade00,made|made|gardens|gardening|laden|jade
de00e0,development|development|designer|despite|denver|designers|developments|decline|determines|dense
00ffff,off|off
0e0be0,member|member
dea000,details|details|deals|death|deal|default|dean|dear|declaration|departure|demands|deaths|dealt|demanding
bef00e,before|before
dd00dd,did|did|dvd|dod
0e0d00,send|send|held|residents|vendor|resident|regardless|tend|reproduction|recordings|methodology|sends|wendy|reid|reproductive
bea0e0,because|because|beaver
00ca00,local|local|indicators|rica|podcast|vocal|indicating|oscar|vocals|lucas|indication|podcasts
0ff0ce,office|office
edca00,education|education|educators
0a00a0,national|national|saturday|paypal|manual|kansas|santa|gamma|taiwan|pakistan|tampa|maria|laura|manga|katrina|lanka|wanna|madonna|malta|samoa|mainstream|rational|karma|kazakhstan|jaguar|nathan|papua|pasta|marijuana|vanilla|mariah|paintball
de0000,design|design|department|description|delivery|decision|desktop|definition|developing|designs|desk|depth|destination|decisions|departments|dell|developers|deliver|demo|deposit|detroit|density|definitions|dealing|descriptions|determination|desktops|definitely|destinations|deputy|devil|deutsch|dennis|determining|destruction|delhi|destroy|deployment|depot|delivers|designing|demonstration|defines|defining|describing|deposits|deny|devon|dept|designation|decimal|dentists|destiny|delight|demographic|deborah|departmental
ad0e00,address|address|advert
a0ea00,area|area|areas|already|appears|appearing|appeals
0ee0ed,reserved|reserved|received|referred|seemed
be0e00,between|between|beliefs|bennett
fa0000,family|family|fast|fall|faculty|fair|farm|facility|fashion|factors|faith|falls|fail|famous|fans|faqs|factory|favourite|fairly|fault|falling|fails|favor|farms|farming|fabulous|failing|fairy|favors|fascinating|fatty|favour|fabrics
ba0ed0,based|based
c0de00,code|code|codes|consideration|considerations
e0e000,even|even|events|every|event|energy|ever|eyes|extension|experts|expression|elementary|extensive|exception|expensive|expertise|entering|enemy|excerpt|exterior|elderly|expressions|exempt|extends|excessive|extending|emperor
b0ac00,black|black|blacks
c0ec00,check|check|collection|connection|collections|connections|checks|czech|corrections|correction|connectivity|connecting|collecting|connectors|consecutive|collectors
f00e00,file|file|files|five|fire|fine|flowers|fitness|forest|framework|frequently|filters|furthermore|formerly|filtering|finest|fingers|fingering|fixes|fires|fifteen|flyer
00da00,today|today|kodak|sudan|usda
ca0e00,case|case|care|cases|came|cape|cake|camel|catherine|carey|cave|cage|cakes|casey
f000d0,found|found|focused|flood|fluid|floyd|figured
0ea0d0,related|related|heard
a000a0,american|american|america|annual|appropriate|animal|arizona|approval|assistant|austria|alpha|americans|anyway|applicant|americas|analytical|approximate|antigua|arbitrary|andorra
0ebe00,members|members|rebel
d00000,down|down|during|digital|discussion|display|document|doing|drug|division|distribution|documents|door|dictionary|driving|drugs|drop|dining|disk|duty|discussions|drink|dogs|dimensions|dolls|dish|downtown|doors|dont|drawing|displays|doctors|drinking|diagnosis|douglas|dirty|dust|drum|discrimination|doll|diving|drinks|distributor|drunk|doug|drawings|diagram|dying|divisions|dresses|drums|distributors|downloading|drill|dirt|drops|dist|dominant|donor|digit|dump|distinction|discussing|disks|divx|doom|dressing|drilling|disposition|donors|dictionaries|disappointed
c000e0,computer|computer|customer|computers|close|customers|culture|consumer|cities|consider|crime|component|corner|copies|consumers|chosen|counties|controller|committees|console|closer|copper|chile|charlie|cooper|curve|costume|cultures|crimes|correspondence|chose|clone|composer|chronicles|compiler|cuisine|compile|costumes|closure|chrysler|consciousness|cooler|consoles|cylinder|controllers|considers|curves|closes|commissioners|compute|continent|cologne
000ee0,three|three|street|statement|independent|themselves|strategies|whatever|supreme|implement|independence|whenever|traveler|travelers|wherever|influences|nowhere|hygiene|liechtenstein
00ace0,place|place|space|places|grace|spaces|trace|miracle
ee00dd,end|end
d000ad,download|download|downloads
acce00,access|access|accept|accent
0e00ce,resources|resources|resource|resistance|necklace|venice
0ed0a0,media|media|median
0e00a0,personal|personal|regional|rental|german|georgia|pennsylvania|mental|hentai|sexual|secondary|serial|personals|terminal|temporary|memorial|telecommunications|vertical|jessica|kenya|peripherals|resistant|seasonal|melissa|levitra|technician|replica|revolutionary|geological|refrigerator|peripheral|neural|temporal|terminals|newman
000de0,guide|guide|guides|golden|wonder|slide|holdem|holder|rhode|murder|pride|wooden|powder|spider|worldsex|slides|introduces|oxide
d0ec00,directory|directory|director|directly|direction|directors|directive
b0a0d0,board|board|brand|boards|brands
c0a00e,change|change|charge|creative|compatible|clause|comparable|clarke|claire|creatures|creature
c00de0,children|children|childrens|crude
0000aa,usa|usa|via|spa|rna|una|isa|wma|mia|ira|soa
ac0000,account|account|action|activity|across|according|accommodation|actions|accounts|accounting|acts|acquisition|accessibility|acting|actor|actors|accommodations|accountability|actively|accomplished|accomplish|accompanying|acquisitions|activists
00f0e0,profile|profile|profiles
0000dd,old|old|god|ltd|mid|usd|kid|und|mod|rod|phd|std|vid|rid|qld|mud|lid|pod|ind
ca0000,call|call|cart|cars|cash|casino|capital|campus|calls|canon|camp|cast|carry|calling|carrier|calculator|cartoon|camping|caught|casinos|carrying|cabinet|cats|cartoons|caps|camcorders|carl|camps|canyon|carol|causing|carriers|cams|cargo|calculation|cant|casting|carlos|calculations|calculators|capitol|calm|caring|cashiers|carroll|carries|cabinets|caution|casio|calvin|cardiovascular|cannon|carlo
00000c,insurance|insurance|influence|pregnancy|historic|substance|introduce|polyphonic|logistics|ordinance|gothic|listprice|hypothetical
c0a000,class|class|chat|coast|chair|claim|creating|claims|chain|comparison|chart|clearly|creation|cleaning|containing|charts|crazy|clark|char|chairs|cialis|crash|creates|craig|clay|coat|coal|cleaner|creator|charm|comparative|chains|citation|cheapest|cheaper|chaos|ciao|containers|comparisons|crap|citations|cleaners|cigarette|clan|congratulations|chan|charms|clearing|craps|creations|cleanup
ccdd00,cd|cd|cds|cdt
000ae0,private|private|storage|village|israel|upgrade|vintage|shemale|prepare|spyware|operate|programmes|voltage|postage|substances|mistake|sunglasses|upgrades|luggage|myspace|operates|mistakes|pharmacies|villages|programmer|shemales|surname|programmers|intranet
dee0e0,december|december|defense|dependent|defence|deeper|deserve
c00ae0,compare|compare|climate|cottage|courage|cottages
c00ee0,college|college|chinese|colleges|challenges|compete|cigarettes|competent
0a00e0,value|value|large|market|range|rather|values|machine|matter|master|valley|larger|target|waste|machines|lawyer|manner|happen|maine|raise|massive|taste|wayne|walker|latter|samuel|machinery|warren|marie|parker|walter|warner|passes|valve|gauge|maple|ranges|paste|katie|lauren|jamie|harvey|happiness|gather|hammer|marker|harper|magnet|passive|palmer|harley|raises|wallet|vampire|varies|marvel|waiver|valves|washer|hansen|tahoe|naples|wagner|ranger
a00ce0,article|article|articles|agencies|alice
ca0d00,card|card|cards|candy
00b000,jobs|jobs|problem|problems|submit|isbn|liability|hobbies|stability|symbols|robot|robin|ruby|thumbnails|gibson|gmbh|visibility|robust|pubs|vocabulary|libs|inbox|orbit|robots
0000ce,source|source|notice|police|importance|prince|province|governance|provinces
d0fee0,different|different
a0000d,around|around|arnold|auckland
c0000e,course|course|complete|committee|choose|countries|continue|completed|couple|communities|continued|constitutes|cruise|continues|contribute|committed|christopher|contributed|chevrolet|constructed|cookie|constitute|chrome|complicated|copyrighted|charitable|compromise|convicted
0000bb,job|job|usb|sub|lib|pub|rob|hub|mlb|tub
ca0ada,canada|canada
00ce00,process|process|once|nice|success|incest|procedure|vice|processor|rice|vincent|mice|grocery|preceding
c0ed00,credit|credit
0ce0e0,science|science|sciences|scene|scenes
ca00e0,categories|categories|cause|causes|capture|carter|cartridges|carpet|carmen
ada0ed,advanced|advanced
e00000,english|english|everything|error|enough|entry|employment|existing|enjoy|entries|errors|evening|eight|equity|exclusive|empty|evil|evolution|euro|exist|engines|export|exit|examination|epinions|egypt|experimental|exists|eventually|entity|exciting|epson|electricity|entirely|experiment|emissions|experiments|emerging|extensions|enrollment|eggs|exploration|ensuring|espn|excluding|essentials|emission|explicit|essentially|ejaculation|exports|encryption|exceptions|emily|elvis|exploring|enquiry|escorts|ellis|expo|encouraging|emotions|eternal|enormous|exemption|ensures|expires|enemies|enjoying|euros|entertaining|elephant|equilibrium|explosion|employ|exclusion|elimination|elliott|examining|erik|enclosure|entrepreneurs|examinations
0ef000,left|left|perform|reform|verification|jeffrey|performs
e00a0e,estate|estate|exchange|explained|engage|exchanges
0e0ec0,select|select|reject
000ead,thread|thread|spread
cae000,category|category|cameras|catering|cancellation|cameron|cameroon
0ab0e0,table|table|tables|tablet
0c0b00,october|october
fe00e0,features|features|feature
0e00ed,required|required|registered|reported|returned|served|recorded|tested|helped|recognized|measured|restricted|realized|resulted|resolved|recognised|weighted|restored|nested
0ec00d,second|second|record
ac000e,accessories|accessories|active|accurate|accessible|acceptable|accompanied|activated
0a0c00,march|march|watch|match|patch|javascript|nancy|marc|ranch|radical|marcus|magical|vatican|marco
0e0ebe,september|september
be00e0,better|better|beginners|belle|beginner
0e0c00,medical|medical|reduction|searching|mexican|reducing|recycling|velocity|reduces|mercy|pencil|replication|restructuring
f00e0d,friend|friend
ddeecc,dec|dec
00cc00,pc|pc|oct|nc|sc|mc|pcs|sci|pci|rc|ic|tcp|tc|lc|icq|gc|jc|uc|ict|oc|hc|vcr|pct|wc|qc|vc
a00c00,application|application|applications|announcements|applicants
00aff0,staff|staff
fedbc0,feedback|feedback
a0a000,again|again|away|anal|amazon|apparel|automatically|alan|aviation|alarm|apart|analog|assault|apparent|apparatus|aquarium
f0a00a,financial|financial|fundamental|fundamentals
000d0d,standard|standard|standards|worldwide
00b00e,mobile|mobile|possibilities|subtle
e000e0,equipment|equipment|example|environment|either|examples|explore|employer|explorer|engineer|episode|employers|engineers|establishment|environments|examine|elite|eminem|entities|exclude|enlargement|exclusively|executives|episodes|endorsement|encourages|examines
0ffe00,offers|offers|offer
0e0a00,legal|legal|texas|germany|rentals|retail|metal|repair|vegas|regulations|perhaps|generation|remain|regulation|permalink|regulatory|merchandise|newspapers|mechanism|memorabilia|meta|messaging|reputation|nepal|separation|mega|relay|separately|relax|generating|retain|metals|generations|lexmark|tenant|mesa|meditation|vegetation|remark|replacing|pediatric|terrain|sexuality|revelation|sexually|newark|relaxation|sega|generators|mediawiki
ab00e0,above|above|abuse
0ece00,recent|recent|percent|peaceful
aacc00,act|act|ac|acm
00eedd,red|red|wed|led|med|ted
0e000c,performance|performance|refinance|performances|renaissance|periodic|metric|reproduce
00c0a0,social|social|structural|lucia
0a000e,language|language|nature|mature|sample|languages|marine|native|marriage|wallpaper|navigate|satisfied|particles|particle|maritime|gasoline|sapphire|maximize
e000ce,experience|experience|experienced|experiences|excellence
c0ea0e,create|create
b0d000,body|body|binding|bids|bidding|bridges|bradley
0000a0,important|important|original|individual|thursday|industrial|thomas|physical|nokia|hospital|normal|visual|michigan|individuals|historical|optional|guitar|signal|professionals|proposal|portal|postal|louisiana|ultra|norway|toshiba|hospitals|villa|tutorial|proposals|tutorials|portugal|morgan|hurricane|incorporated|tropical|mutual|syntax|undergraduate|overseas|pizza|throat|survival|vista|gonna|preliminary|southeast|montreal|sigma|voluntary|murray|northeast|nissan|translate|horizontal|mozilla|norman|investigate|surgical|villas|provincial|microwave|informal|proprietary|syria|inappropriate|shanghai|vocational|sullivan|julia|wichita|nicholas|incorporate|minolta|individually|politicians|investigator|tunisia|gotta|nottingham|uzbekistan|shakira|investigated|suburban|julian|slovak|tulsa|looksmart|nightmare|ultram|unwrap|instrumentation|swaziland
f0e0d0,field|field|fields
ffee00,few|few|fe
ea0000,east|east|easy|early|earth|easily|earlier|eating|earn|earnings|earrings|ears|earl|earning|earliest
ac00e0,activities|activities|acute|acquire
c00b00,club|club|clubs|contributions|chamber|climbing|combo|cookbook|chambers|cowboy
ad00a0,additional|additional|additionally|adrian
0a000d,password|password|maryland|mainland|harold|magnitude|passwords
00ad00,road|road|load|tripadvisor|philadelphia|shadow|roads|glad|loads|quad|grad
b0000e,browse|browse|bottle|bronze|boutique
b00d00,building|building|bird|buildings|bond|birds|bold|bonds|builder|blvd|boundary|builders|brandon|bind|boulder
fe0000,february|february|felt|feeling|featuring|fetish|fellow|fell|feelings|ferry|fellowship
a00a00,always|always|availability|asian|animals|asia|array|annotation|animation|anna|automation|atlas|annually|attract|alias|aqua|allan|allah
a0d000,audio|audio|aids|audit|andy|amendments|audi
b00e00,blue|blue|buyer|bytes|boxes|bike|blues|bulletin|buyers|biggest|bone|brokers|bikes|byte|boolean|bones|buses|bite|budgets
0eeae0,release|release|releases
ffaa00,fax|fax|faq|far|fat|fan|fa
c000a0,china|china|corporate|critical|clinical|cultural|chemical|criminal|chairman|costa|chemicals|compaq|communicate|commonwealth|consolidated|colonial|collar|compliant|civilian|chelsea|cingular|complimentary
f0000e,future|future|figure|flexible|forgotten|finite|furnished|firmware
bec00e,become|become
00dd00,id|id|md|rd|sd|nd|pdt|hd|td|todd|jd|pd|ld|gdp|gd|ids
e00e00,enter|enter|else|engineering|express|elements|expert|element|extent|engagement|essex|ellen|endless|excitement|enters
caf00a,california|california
0a0de0,garden|garden|harder|maiden
added0,added|added
0ee00c,reference|reference|relevance
c00a0e,companies|companies|character|contained|container|collapse|cumulative|contacted
bab000,baby|baby
0ec0e0,welcome|welcome|secret|helicopter
ce0000,central|central|cell|century|cells|cent|census|centres|ceiling|cents
0ad000,radio|radio|handling|lady|radius|pads|landing|handles|radios
0e0f00,self|self|helpful
00ac00,track|track|tracks|tobacco|impacts|stack|hitachi|tracy|tract
a000e0,archive|archive|archives|answer|apple|alone|attorney|approximately|anime|apartment|airline|arrangements|antique|attorneys|antiques|airlines|angle|appointment|anytime|alive|awesome|arrangement|anymore|analyses|approve|analyze|ashley|argue|arise|alignment|appointments|annie|alike
e00ae0,entertainment|entertainment|elizabeth|emirates
a0eee0,agreement|agreement
f000a0,format|format|florida|functional|formal|formula|floral|footwear|frontpage
0afe00,safety|safety|safe|safely|safer
f0e000,friends|friends|foreign|friendly|fuel|fresh|forever|funeral|firewall|forests|forestry|flesh|flex
00ade0,trade|trade|grade|grades|trades|shade|trader|shades
ed0000,edition|edition|edit|editor|editors|editing|editions|edmonton|editorials
00a0d0,updated|updated|located|grand|stand|treated|guard|stands|pleased|invalid|guards
a0c000,association|association|agriculture|agricultural|attachment|associations|attachments|arch|anchor|ascii
ab0e00,able|able|absent
da00d0,david|david
d000e0,drive|drive|driver|disney|drives|dinner|driven|disorders|duties|divorce|disorder|dispute|dishes|drove|disputes
00c00c,specific|specific|specifics|picnic
ffeebb,feb|feb
ca00ed,called|called|caused|calculated|captured
00e0d0,powered|powered|spend|trends|ordered|indexed|trend|yield|households|yields
beac00,beach|beach
dd00ee,due|due|die|doe
e0000c,electronics|electronics|electronic|emergency|erotic|ethnic|existence|exotic
0e000d,period|period|method|remind
daab0e,database|database|databases
0f0ca0,official|official|officials
a00ae0,average|average|appliances|approaches|alternatively
d00e00,done|done|drivers|dose|digest|duke|dozen|discretion|dive|dozens|dover|dryer|dome
0e00ca,technical|technical|technological
f0a0ce,france|france
000a0d,island|island|toward|howard|poland|wizard|ronald|strand|roland
d00ec0,direct|direct
00000f,microsoft|microsoft|yourself|plaintiff|nightlife
c0e0ce,conference|conference|conferences
d000c0,district|district|districts|distinct
cae0a0,calendar|calendar|calendars
00da0e,update|update
0ae0a0,material|material|materials|parental
fee000,federal|federal|feel|feet|fees|feels
f00a00,final|final|formats|formation|float|fundraising|finals
ad0000,adult|adult|advertising|administration|addition|administrative|admin|adults|administrator|advisor|advisory|adapter|adoption|admission|admissions|adjustment|additions|administrators|adopt|adapters|adjust|admit|adjustments|adsl|advisors|adaptor
ce000e,centre|centre|certified|centuries
c0ea00,cheap|cheap|clear|clean|cream|cheats|cheat
f0a0e0,finance|finance|frame|frames|flame|finances|fraser
e0000e,europe|europe|engine|everyone|ensure|enterprise|entire|estimated|eligible|estimates|enterprises|exposure|estimate|empire|evaluate|everywhere|evaluated|enquiries|encounter|enzyme|encountered
0ed000,reading|reading|wedding|leading|medium|sending|vendors|pending|weddings|headset|heading|readings|lending|readily|welding
bbaadd,bad|bad
f0c000,function|function|focus|functions|fuck|fraction
fac000,fact|fact|factor|facts|facing
000ba0,global|global|thumbnail|tribal|mumbai|snowboard
0ec000,tech|tech|teaching|teachers|sector|teacher|merchant|reaction|neck|vector|mercury|merchants|reaching|reactions|techno|selections|reaches|teaches|reductions
ec000c,economic|economic|economics|ecommerce
0f0e00,often|often
000c0b,subscribe|subscribe
ba0000,bank|bank|basis|ball|banks|bath|banking|bags|bars|bass|baltimore|bathroom|bang|balls|barry|basin|baptist|barriers|barrier|bangkok|bathrooms|bali|balloon|ballot|barn|baking|baths|backing
c0e0a0,commercial|commercial|concentrate|conceptual
0e0ee0,newsletter|newsletter|references|newsletters|represent|reviewer
0aa00e,magazine|magazine|japanese|magazines|parameter|vacancies
ca0e0a,camera|camera|cathedral
000f00,golf|golf|milf|platform|profit|portfolio|shift|milfs|roof|gulf|platforms|wolf|surf|qualifying|swift|workflow
0ee0e0,receive|receive|remember|reserve|revenue|reverse|jewellery|semester|receiver|revenues|reserves|seeker|receives|venezuela|reseller|revenge|receivers
d00a00,domain|domain|dollars|displaying|dietary|distant|dylan
00ec00,protection|protection|specs|inspection|livecam|subsection|infection|projection|injection|protecting|spec|projectors|inspections|insects
bea000,beauty|beauty|behavior|bear|beat|bears|beast|behaviour|beam|bean|beans|belarus|beats
0aa000,manager|manager|vacation|panasonic|managing|managers|vacations|sacramento|hazardous|variations|taxation|hazards|marathon|lafayette
00d0a0,india|india|indian|syndicate|withdrawal|honduras|moldova
0a0f00,half|half|satisfaction|satisfactory|painful|harmful|halifax
f00da0,friday|friday
ba00c0,basic|basic|bankruptcy|basics
c000c0,church|church|contract|classic|comics|contracts|comic|classics|chronic|civic|chronicle|conspiracy
00c00e,purchase|purchase|income|specified|purchased|purchases|nicole|specifies
00c0ce,practice|practice|practices
0ad00e,hardware|hardware
de00ed,designed|designed|designated|determined|denied|declined
00eed0,speed|speed|speeds
face00,face|face|faces
d0c000,discount|discount|directions|discuss|doctor|dick|discounts|discharge|docs|dicks|duck|dock
efec00,effects|effects|effective
c0a0d0,created|created|cleared
0000ca,political|political|statistical|monica|psychological|graphical
000e0e,increase|increase|increased|presented|protected|lingerie|suggested|increases|universe|ourselves|michelle|roulette|societies|rochester|preserve|projected|witnesses|impressed|traveller|suspected|polyester|sphere
ade000,advertise|advertise|adventure|addressing|adolescent
ba0e00,base|base|battery|baker|baskets|bachelor|bases|bare|barely|banners
e0000a,environmental|environmental|emotional|exceptional|ethiopia
000ff0,stuff|stuff
f0e0c0,french|french
af00ca,africa|africa
a0e0c0,agency|agency
000da0,monday|monday|sunday|jordan|honda|guardian|linda|worldcat|kinda
e000a0,european|european|extra|electrical|encourage|everyday|extras|eliminate|estonia|extraordinary|egyptian|erotica
f00ce0,force|force|forces
bbaa00,bay|bay|bar|bag|ba|ban|bat
aadd00,ad|ad|ads
0a0ae0,package|package|packages|massage|margaret|passage|wallace
a0b000,album|album|albums|anybody|auburn|arbor
d00b0e,double|double
b000d0,build|build|blood|bound|blind|builds|blessed|bloody|blond
0c0ee0,screen|screen
beef00,benefits|benefits|benefit|beef
0eeded,needed|needed
c0d000,condition|condition|credits|conduct|coordinator|coding|coordination|cordless
be0ee0,believe|believe|believes|bestsellers|berkeley
effec0,effect|effect
a00ed0,asked|asked|armed|aimed
0eec00,selection|selection|telecom|selecting|reflection|selective|reflections
00ddff,pdf|pdf
a0000e,anyone|anyone|automotive|anywhere|authorities|assume|appointed|atmosphere|announcement|automated|arrive|automobile|amenities|assure|alpine|amplifier|annotated|airplane|automobiles
0000de,inside|inside|superintendent
ce0a00,certain|certain|certainly
e0c000,executive|executive|especially|election|exactly|ericsson|execution|elections|expectations|escort|electron|electro
0ee0a0,necessary|necessary|referral|referrals|legendary
ddcc00,dc|dc
0a0ca0,particular|particular|particularly|participants|participate|nascar|participant|participated
00be00,robert|robert|numbers|tube|tubes|gilbert
00e00e,homepage|homepage|sometimes|interview|implemented|pipeline|lifetime|moderate|twelve|pierre|juvenile|impressive|vulnerable|inherited|timeline|voyeurweb|likewise
ad00ce,advice|advice
ca0ee0,career|career
0ea0e0,leave|leave|leaves|heaven|researchers|lease|retailer|retailers|researcher|heater
fa00e0,facilities|facilities|father|families|failure|false|faster|favourites|farmer|fallen|failures
bb00dd,bid|bid
00dd0e,middle|middle
cab0e0,cable|cable|cables
0b0ec0,object|object
0eb000,lesbian|lesbian|lesbians|weblog|melbourne|metabolism
ac0a00,actually|actually|activation|accurately
0c00e0,score|score|scope|scores
c0000a,christmas|christmas|christian|columbia|continental|colombia|controversial|conditional
e00ad0,england|england|emerald
ba0d00,band|band|bands|bald
f0a000,flash|flash|finally|flat|flag|frank|financing|flags|foam|floating|formatting|flavor|forwarding
c000ce,choice|choice|compliance|circumstances|convinced
0dea00,ideas|ideas|idea|ideal
0e0eda,wednesday|wednesday|yesterday
de00ee,degree|degree
00000a,virginia|virginia|traditional|motorola|multimedia|russia|victoria|interracial|physician|spiritual|toyota|institutional|intermediate|promotional|victorian|trivia|joshua|nutritional|transsexual|mongolia|lolita|yugoslavia|smithsonian
00e00a,potential|potential|sierra|vienna
c0e000,cnet|cnet|clients|competition|comprehensive|convention|conversion|conservation|competitive|compensation|concerning|crew|cooperation|commentary|covering|conservative|conversation|chest|cherry|convenient|conventional|clerk|cooperative|competitions|cholesterol|chem|chess|correlation|competitors|consequently|chen|conventions|coleman|chevy|crest
fe00ed,featured|featured
fe0a0e,female|female
0e00b0,responsible|responsible|removable
0000cc,inc|inc|llc|pic|src|utc|usc|nyc|plc|vic|jvc|pmc|irc|ppc|loc|soc|gmc|upc|pvc|mic|sic
a0c0ed,associated|associated
ca0ce0,cancer|cancer|cancel
f0da00,foundation|foundation|foundations
0ced0e,schedule|schedule|scheduled|schedules
bbeedd,bed|bed
a000c0,approach|approach|apnic
0e0c0e,medicine|medicine|rescue|netscape|medicare|medicines
c0ca00,chicago|chicago
0a00ed,wanted|wanted|passed|raised|marked|walked|tagged|ranked|talked|gained|mailed|varied|valued|warned
dee00e,developed|developed|developer
feed00,feed|feed|feeds
0e00c0,mexico|mexico|restrict
0ec00e,secure|secure|recipe|telecharger
e0dece,evidence|evidence
fa000e,favorite|favorite|favorites|facilitate
00ba00,probably|probably|urban|tobago|subaru
00eeaa,sea|sea|tea|yea
0ae000,parents|parents|satellite|gateway|valentine|warehouse|parenting|raleigh|gamespot|patents|maternity|passengers|palestine
000ac0,impact|impact|monaco|hierarchy
ca000a,carolina|carolina
d0eae0,disease|disease|diseases
e0e0e0,excellent|excellent|expenses|ethernet|expense|elsewhere|essence|eleven
0efe00,perfect|perfect|refer|refers|jefferson|perfectly
c00ad0,command|command|commands
a0a0d0,award|award|awards
d00ace,distance|distance|distances
00e0ac,interface|interface
b0d0e0,budget|budget|bodies
0a0ed0,rated|rated|naked|named|saved
0eeced,selected|selected|rejected
be00f0,beautiful|beautiful
f00ad0,forward|forward|finland
000fa0,significant|significant|specifically|significance
00ef00,useful|useful|theft|hopefully|href|prefix
0afa00,manufacturer|manufacturer|safari|manufactured|manufacture
00aacc,mac|mac|pac
caa000,catalog|catalog|catalogue|catalogs|catalyst
0e0ce0,searches|searches|vehicle|vehicles|hence
c00ded,considered|considered
00ffc0,traffic|traffic
a0e000,agent|agent|agents|angeles|attention|assembly|alert|attempt|ages|anderson|appendix|alerts|agreements|alex|argentina|attempts|attending|assessing|allergy|asbestos
0a00d0,valid|valid|married|rapid|painted|raymond|rapids
000ad0,ireland|ireland|richard|holland|squad|midlands|prepaid|richards
000ed0,instead|instead|moved|owned|tried|noted|mixed|loved|lived|nintendo|sized|liked|tired|voted|wired|hired|lined|ruled|hoped
caada0,canadian|canadian
eda00a,educational|educational
00bb00,mb|mb|kb|ibm|gb|lbs|sb|gbp|lb|hb|vb|nb|pb|hobby|ribbon|tb|lobby|obj|wb|rb|ob
f00b00,football|football|flexibility
ab00c0,abstract|abstract|abstracts
dee000,develop|develop|deep|determine|depending|depends|depression|deer|deeply|develops|defensive|descending
e000ee,employees|employees|employee
0e0b0c,republic|republic
acde0c,academic|academic|academics
a000ce,assistance|assistance|announced|announce|announces
e0eced,expected|expected
0a0fc0,pacific|pacific
f000e0,filter|filter|former|flower|forget|foster|finger|fortune|fisher|frozen|fixtures|frontier|filme|fioricet|forge
be000d,behind|behind|beyond
d00ae0,disclaimer|disclaimer|disclaimers
ee00ee,eye|eye|eve
000fed,modified|modified|notified
0ac000,pack|pack|watches|jack|racing|matching|massachusetts|lack|participation|matches|watching|participating|rack|vacuum|patches|packs|macro|racks|hack|yacht
0eeaed,released|released|revealed|repeated
00e0a0,internal|internal|opera|somewhat|nigeria|surveillance|omega|interval|imperial|integral|shakespeare|oriental|integrate|motherboard|intervals|undertake|liberia|theta
0e00de,recommended|recommended|responded
dea0ed,detailed|detailed
0ace00,race|race|pace|races|lace
a000ed,approved|approved|assigned|authorized|archived|assisted|allied|argued|analyzed
ba000d,background|background|backgrounds
e0ce00,except|except|excess|excel
0a0e0c,maintenance|maintenance|magnetic
0a0be0,maybe|maybe
eedd00,ed|ed|edt|eds
ee00cc,etc|etc
deb000,debt|debt|debug|debut
0e00d0,keywords|keywords|keyword|removed|revised|respond|learned|secured|weird|retired|refused|recommends|replied|settled|reynolds|refined|rebound
000eed,interested|interested|unexpected|influenced
b0ea00,break|break|breast|breaks|breath
da0ce0,dance|dance
000e0f,itself|itself|myself
de00d0,defined|defined|derived|desired|devoted
ffeeee,fee|fee
0eade0,reader|reader|leader|header
de00ce,device|device
e0b00e,established|established
a00e00,answers|answers|amateur|assets|angel|ancient|allen|anne|asset|apparently|angels|assess|athens|alien|authentic|anxiety|annex|andreas|anger|alter|arrest|andrews|answering|anaheim|ambient
e0e0a0,external|external
0fe0d0,offered|offered
00fae0,surface|surface|surfaces
b00c00,block|block|blocks|bunch|bitch|brick
f00ed0,fixed|fixed|filed|fired
a0c0e0,associates|associates
caac00,capacity|capacity
e0c00c,electric|electric
0f0c00,officer|officer|offices|officers
b00ee0,businesses|businesses
dead00,dead|dead|decades|deadly
00ede0,procedures|procedures|sweden
0eace0,peace|peace|replacement
f0d000,funding|funding|finding|findings|folding|findlaw
de0c00,devices|devices|delicious|deficit
a00ee0,agree|agree|awareness|agrees|athletes
caee00,careers|careers
e00a00,evaluation|evaluation|equal|explain|equivalent|emphasis|essays|essay|explains|extract|elegant|evaluating|emma|elevation|estimation|evaluations|expiration
ace0ed,accepted|accepted|accessed
0a0e0e,galleries|galleries|passenger|varieties
000a0e,literature|literature|square|guarantee|portable|installed|libraries|initiative|suitable|innovative|initiatives|milwaukee|phrase|specialized|intake|sustained|vietnamese|kinase|specialties|summaries
0eec0e,respective|respective|respectively
0ca0e0,scale|scale|scales
ec0000,economy|economy|echo|ecology
0e0ea0,secretary|secretary|repeat|reveal|medieval
a00aa0,australian|australian
c00ef0,chief|chief
de0a00,detail|detail|delay|denmark|deviant|delays|decorating|deviation|delegation
f00c0c,francisco|francisco
af0c00,african|african
b0b0e0,bible|bible
ba00e0,basket|basket|banner|barnes|bailey|barrel|ballet
a000d0,applied|applied|allowed|avoid|arrived|assumed|assured
dec0be,described|described|describe|describes
de0a0d,demand|demand
ada0e0,advance|advance|advances
d0e0ce,difference|difference|differences
00ece0,piece|piece|pieces|speeches
00d00e,module|module|graduate|syndrome|graduates|predicted|graduated
d0d000,dvds|dvds
ce0fa0,certificate|certificate|certificates
c0e00e,coverage|coverage|cheque
c0a0ce,chance|chance
e0d000,ending|ending|ends
a00ea0,appear|appear|appeal|anniversary|aggregate
c00ec0,currency|currency|citysearch
ac00a0,actual|actual|accommodate
bb00bb,bob|bob
c00ece,commerce|commerce
d0f000,difficult|difficult
0c000c,scientific|scientific
0b0000,xbox|xbox|obviously|obvious|observations|vbulletin|observation|obesity
c0ffee,coffee|coffee
ed0e00,edge|edge|edges
c000ed,closed|closed|classifieds|controlled|classified|compiled|customized|composed|configured|copied|computed|cooked
00ccee,ice|ice
0e0ad0,zealand|zealand|leonard
baa0e0,balance|balance
0abe00,label|label|labels
00eecc,sec|sec|nec|rec
0adc0e,hardcore|hardcore|hardcover
0ea00e,league|league|separate|negative|relative|separated|penalties|relatives
c00d00,cold|cold|considering|childhood|cord|confidential|condo|cindy|condos
0aac00,manufacturing|manufacturing
eff000,effort|effort
fa0a00,fantasy|fantasy|fantastic|fatal
0ed0ce,reduce|reduce
000ef0,himself|himself|thereof
e0ab0e,enable|enable
e00c0e,exercise|exercise|exercises
d000d0,diamond|diamond|dropped|diamonds|dressed
00ce0e,processes|processes|processed|worcester
00d0ed,produced|produced
0ae0ac,paperback|paperback|marketplace|namespace
00c0e0,pocket|pocket|principles|ticket|inches|structures|hockey|outcomes|outcome|socket|subscriber|suicide|subscribers|uncle|precise|rocket|thickness|precisely|nickel|glucose|michel
f0ed00,freedom|freedom|fred
c0ac00,characters|characters|coach|crack|contacting
000ea0,stream|stream|wholesale|korea|linear|switzerland|threat|korean|shareware|starsmerchant|guatemala|transexuales|transexual|indonesian
ea0e00,eastern|eastern|ease
0ee00e,generated|generated|percentage|generate|represented|generates
be0a00,began|began|beta|bestiality|benjamin|beastality
b0dae0,bondage|bondage|boundaries
ef0000,efforts|efforts
c0ee00,creek|creek|cheers
e0e00a,essential|essential
af00a0,affiliate|affiliate
0ab000,labor|labor|gambling|labour|tabs|labs|harbour|habits|hamburg
00d0e0,immediately|immediately|produce|judge|sydney|lodge|producer|ridge|producers|judges|produces|wordpress|indie|kidney
c0e0d0,covered|covered
c0c000,cock|cock|checkout|circuit|characteristics|checking|clicking|chicken|cocks|cricket|coaching|crucial|coaches|characteristic|circuits|circles|checklist
000e0a,universal|universal|norwegian|slovenia|propecia|spokesman
beca0e,became|became
00a00e,orange|orange|organized|pleasure|prague|praise|treasure|organize|triangle|treasurer|organizer|organised|treasures
ca0a00,campaign|campaign|captain|calgary|campaigns|canal|casa
ac00ce,acceptance|acceptance
afa000,affairs|affairs
00e0ed,intended|intended|viewed|licensed|opened|oriented|inserted
b0a0c0,branch|branch
af00e0,affiliates|affiliates
0a00c0,magic|magic|launch|panic
0a0a0e,manage|manage|variable|variables|valuable|garage|savage
def00e,define|define
b0a0a0,breakfast|breakfast
0d00f0,identify|identify
a0e00e,avenue|avenue|attempted|aggressive|assembled
d0ed00,died|died
d0e00c,domestic|domestic
0eac00,reach|reach|teach
e0e0ed,extended|extended
0e0ece,sequence|sequence|sentence|sequences|sentences
a00ac0,attack|attack|attach
ce0e00,centers|centers|cement
da0a0e,damage|damage
00aabb,lab|lab|tab
00aced,placed|placed
0e0ed0,weekend|weekend|weekends|remedy|redhead
d000a0,dollar|dollar|disposal|durham|donna|diploma|duplicate
b00d0e,bridge|bridge|bundle
baeb00,baseball|baseball
d0af00,draft|draft
00a0ed,played|played|stated|shared|guaranteed|shaved|shaped|stayed|threatened|impaired
cccc00,cc|cc
0ede00,readers|readers|leaders|headers|henderson|lenders|rendering
00ccdd,lcd|lcd
0fe000,offering|offering|offensive|offerings
ad00e0,advertisement|advertisement|adventures|advantages|advertisers|advertiser|adipex|administered|advertisements
e00ec0,expect|expect
0ed00e,headlines|headlines|headline
c00aed,compared|compared
0e0a0e,senate|senate|webmaster|reliable|relate
a00c0e,applicable|applicable|allocated
d00c00,disc|disc|dutch|difficulty|difficulties|discs|disco
b0a000,boat|boat|brain|breaking|brazil|breasts|blank|boats|brass|blair|blast|bias|breakdown|breathing|blah|bras|budapest
0aace0,manufacturers|manufacturers
c000ca,classical|classical
de0c0e,dedicated|dedicated
000aa0,indiana|indiana|montana|niagara|nirvana|grenada
bae000,basketball|basketball|basement
0bec00,objects|objects|objective
de0e0e,delete|delete|decrease|decreased
d0ea00,dream|dream|dreams
0ba0ed,obtained|obtained
0d00ed,identified|identified
de0dd0,decided|decided
ada0a0,advantage|advantage
b00ef0,brief|brief|butterfly|briefs
e0ded0,ended|ended
000aed,prepared|prepared|operated|situated|isolated|uploaded|infrared
a0a0a0,atlanta|atlanta|arkansas|avatar|albania
da000a,dakota|dakota
0a0d0e,handle|handle
c00e0a,criteria|criteria|cinema
00b0ed,pubmed|pubmed
a00ca0,associate|associate
e0a0e0,enlarge|enlarge|enhance
fe00a0,festival|festival|festivals
0cea00,ocean|ocean
c0ce00,concept|concept|concerns|concern|concert|concepts|concerts|chancellor
0c000d,scotland|scotland|mcdonald
da00a0,dallas|dallas
f000ed,followed|followed|finished|filled|formed|fitted
b000e0,broken|broken|broker|bigger|broke|butter|butler|bullet|burner|bloomberg|bumper|burke|brunei|bother
a0a00a,alaska|alaska|alexandria
ba000e,battle|battle
0ede0a,residential|residential
ed000a,editorial|editorial
00eec0,speech|speech
ac0d00,acid|acid|accident|accordingly|accidents|acids
f00ced,forced|forced
0ee00d,netherlands|netherlands
0b0a00,obtain|obtain|obligation|obligations
bbcc00,bc|bc
0eea00,recreation|recreation|genealogy|recreational|reveals
0aa0d0,managed|managed
fa00ed,failed|failed
aaaa00,aa|aa
a0d0e0,andrew|andrew
b000a0,birthday|birthday|biological|birmingham|bibliography|brilliant|bolivia|biblical|brutal|bhutan
b00a00,brian|brian|britain|binary|bryan|bryant
dd00cc,doc|doc|dsc
0e0e0e,tennessee|tennessee|requested|messenger|severe|reflected|respected
c0b0ed,combined|combined
f0000c,frequency|frequency|fragrance
000ded,introduced|introduced|guided
d0000e,displayed|displayed|distributed|disclosure|discipline|dialogue|divine|distribute|distinguished|doctrine|drainage|disciplines
0e0cd0,reduced|reduced
0ef00e,performed|performed|refine|refuse|performer
e00ee0,extreme|extreme|extremely
da00e0,daniel|daniel|daughter|danger|daughters
0e0eed,reviewed|reviewed|referenced
f0ec00,forecast|forecast|forecasts
c0c0e0,cycle|cycle|cycles
ac00c0,accuracy|accuracy|acrylic
d0a000,dual|dual|draw|duration|domains|dragon|dial|donations|diary|drawn|donation|dialog|drag|drain|draws
00a00c,static|static|romantic|italic
ad0e0e,addresses|addresses|addressed
000ece,violence|violence|presence
00a00a,oklahoma|oklahoma|viagra|plasma|operational|italia|trauma
acde00,academy|academy
d0a0c0,dynamic|dynamic|dynamics
0e0de0,gender|gender|sender|tender|lender|verde|render
eeaa00,eat|eat|ea|ear|eau
00c0ca,practical|practical
de000e,delivered|delivered|deluxe|desire|dealtime|destroyed|deutsche
c0ecb0,collectibles|collectibles|collectables|collectible
00def0,wonderful|wonderful
0ad0e0,ladies|ladies|maldives
a00eed,agreed|agreed|answered
00cce0,soccer|soccer
0a0aed,maintained|maintained
c00e0e,connected|connected|converter|collected|converted|corrected|commented
a0ec00,aspects|aspects|appreciation
a0ead0,ahead|ahead
0c0e0e,scheme|scheme
de0e00,devel|devel|degrees|dealers|desert|delivering|derek
a00de0,amendment|amendment|aside
de00a0,delta|delta|dental|demonstrate|demonstrated|denial|demonstrates
fea000,fear|fear|females|fears|feat
000c0a,principal|principal|municipal|instructional
c0f000,comfort|comfort|confirm|configure|confusion
cef000,certification|certification
ba0e0e,batteries|batteries
ad0be0,adobe|adobe
bbbbcc,bbc|bbc
a0baa0,alabama|alabama|azerbaijan
ac0ee0,achieve|achieve
dea0e0,dealer|dealer
c0e00a,contemporary|contemporary|congressional
0ea0b0,nearby|nearby
ca00d0,carried|carried|cartridge
babe00,babes|babes|babe
00deed,indeed|indeed
ea00e0,easier|easier|eagle|easter|eagles
00dea0,trademark|trademark
add000,adding|adding|adds
e00c00,eric|eric|ethical|epic|explicitly
00c0ac,trackback|trackback
0d0000,identity|identity|identifying|hdtv|idol
00dde0,hidden|hidden|sudden
0e00ef,relief|relief
b0ada0,broadband|broadband|broadcast|broadway
00ddaa,pda|pda
0000f0,proof|proof|notify|nonprofit|sheriff|zoloft
dd00aa,dna|dna
d0ff00,diff|diff|diffs
000ace,instance|instance|instances
b00ea0,bureau|bureau|boulevard
d0c0e0,discover|discover|discovery|dicke
a0a0e0,aware|aware|arrange
0bc0e0,objectives|objectives
aacccc,acc|acc
c0ce0e,concerned|concerned
0ee0c0,generic|generic|genetic|genetics
e0c0ed,encyclopedia|encyclopedia|executed
ac0dce,accordance|accordance
d0c00e,discussed|discussed|directories|discusses|discrete|disclose
e0ab00,establish|establish
0a0eed,happened|happened|targeted|gathered
e00e0e,expressed|expressed|eugene
0eff00,jeff|jeff
0aa0a0,paragraph|paragraph|jamaica|hawaiian|parliamentary|savannah|paraguay
0ae00c,mathematics|mathematics|mathematical
ccee00,ce|ce|ceo|cet
a0c0f0,aircraft|aircraft
c0f0c0,conflict|conflict|conflicts
c0d00e,conducted|conducted|coordinate|coordinates|coordinated
0cc000,occur|occur|occurs
c0ecc0,connecticut|connecticut
00eda0,immediate|immediate
e00a0d,expand|expand
a00ece,audience|audience
affec0,affect|affect
d0eced,directed|directed
afeced,affected|affected
000c0e,indicate|indicate|indicated|indicates|muscle|motorcycle|showcase|overcome|productive|motorcycles
b000de,blonde|blonde
aabb00,ab|ab|abs|abu
00a0c0,organic|organic|islamic|sparc
0e0b00,neighborhood|neighborhood|textbooks|herbs|textbook|herb
0e0ada,nevada|nevada
a0e0da,agenda|agenda
c00c0e,circle|circle
a0a00c,atlantic|atlantic
ed0a0d,edward|edward
0d0f00,identification|identification
00d0fe,wildlife|wildlife
e0e0d0,entered|entered
0000b0,printable|printable|thumbs|thumb|invisible
00dace,guidance|guidance
e00ce0,enforcement|enforcement|enhancement|enhancements
000b00,symbol|symbol|pittsburgh|possibility|rugby|toolbar|mitsubishi|turbo|luxembourg|plumbing|toolbox|playboy|trackbacks|softball
c0af00,crafts|crafts|craft
b0dd00,buddy|buddy
0be0ed,observed|observed
f00ca0,fiscal|fiscal
ceeb00,celebrity|celebrity
c0c0a0,chocolate|chocolate|circular
b0e000,bluetooth|bluetooth|bless
b00de0,border|border|burden|bride
deba0e,debate|debate
a0ac00,attractions|attractions|attacks|attraction
00eb00,notebook|notebook|notebooks
a0aced,attached|attached|attacked
00bad0,husband|husband
d0abed,disabled|disabled
efc0c0,efficiency|efficiency
c00ed0,comedy|comedy|cited
ad00d0,adopted|adopted|advised|adapted
ef0ce0,efficient|efficient
ed00ed,edited|edited
c00dce,confidence|confidence
a00ace,alliance|alliance
0f00e0,offline|offline
c0a00c,clearance|clearance
0ec0d0,reached|reached
b000b0,blowjob|blowjob|blowjobs
e0b0d0,enabled|enabled
dec00c,democratic|democratic
e0ac00,exact|exact|extraction|emacs
00eeff,ref|ref
0a0ee0,manchester|manchester
ddbb00,db|db
cab0d0,cambridge|cambridge
d0b000,disability|disability|disabilities|dublin
0da000,idaho|idaho|pdas
00d0f0,modify|modify
00f00d,oxford|oxford|girlfriend
ada000,adam|adam|adams
af0d0e,affordable|affordable
cad0a0,candidate|candidate
b00b00,boobs|boobs|bomb|boob|blackberry
b00ad0,broad|broad
00eece,greece|greece
be0a0f,behalf|behalf
ca0bea,caribbean|caribbean
0e0a0a,nebraska|nebraska
00d0d0,hundreds|hundreds|hundred|studied
a0ab00,arab|arab
dec0de,decide|decide
d0a0a0,drama|drama|diana|dramatically
0eb00d,keyboard|keyboard|keyboards
ffff00,ff|ff
d00d00,dildo|dildo|dildos
0000ea,guinea|guinea
a00e0d,attend|attend
ca000c,catholic|catholic
0ac00e,vancouver|vancouver|tackle|jackie
ca0c00,catch|catch
d00b00,doubt|doubt|distributions|dumb
f00de0,finder|finder|folder
00ab0e,unable|unable|stable|liable
de0cac,democracy|democracy
ca0de0,candidates|candidates
00e0ce,preferences|preferences|preference|pierce
b00ce0,bruce|bruce|branches|bicycle
c00f00,classification|classification|config|conf
ba0a00,bargain|bargain|bargains|bangladesh|bahrain
ce00a0,cellular|cellular
d0bee0,diabetes|diabetes
00fe0e,preferred|preferred
ca0b00,carbon|carbon|campbell|carb
c000b0,comfortable|comfortable|climb
efc0e0,effectively|effectively
e000ed,employed|employed|entitled|equipped|encouraged|examined|enrolled|excluded|endorsed|endangered|enclosed
0ad0a0,landscape|landscape
0ea0a0,mechanical|mechanical
dea00e,delaware|delaware
babaa0,barbara|barbara
0c00ed,occurred|occurred|scored|occupied
c00ea0,cleveland|cleveland
0a000a,latina|latina|palestinian|macromedia|latvia|martha|patricia|marina|vagina
0e0ca0,sexcam|sexcam
c0c00e,concrete|concrete|characterized
0000ad,upload|upload|trinidad|overhead|widespread|thinkpad
cac0a0,calculate|calculate
a00ade,alexander|alexander
ace000,accessory|accessory|acer|accessing|accepting|accepts|acdbentity
0e0a0d,regard|regard|herald|reward|gerald
afe000,afternoon|afternoon
ca000e,castle|castle|cattle|caroline
0aa00a,malaysia|malaysia
00b00b,unsubscribe|unsubscribe
00ec0a,molecular|molecular
0e0d0c,residence|residence
00a0b0,sustainable|sustainable|unavailable
bed000,beds|beds|bedding
0aa0e0,parallel|parallel|saskatchewan|warranties|karaoke|salaries
a00dd0,amended|amended|awarded
0ca000,scan|scan|occasion|occasions|scratch|scary
e0a0ed,enhanced|enhanced|expanded
a0ed00,aged|aged
fab00c,fabric|fabric
cab000,capabilities|capabilities|capability|cabin|calibration
b0fa00,buffalo|buffalo
eeee00,ee|ee
0efae0,welfare|welfare
00bbe0,rubber|rubber
0e0e0d,legend|legend
c0b000,collaboration|collaboration|collaborative|combining
deec00,detection|detection|detector|defects|detective
0a0ece,lawrence|lawrence
e000c0,ethics|ethics|experiencing
aabbcc,abc|abc
cac0e0,cache|cache
0ac0e0,jacket|jacket|packet|hacker|rachel|vaccine
00ac0e,oracle|oracle|syracuse
d0a0e0,disaster|disaster|diane
ac0eed,achieved|achieved
a0eaed,appeared|appeared
b0c0ac,blackjack|blackjack
ee00aa,era|era|epa|eva
0eab00,reliability|reliability
00cccc,gcc|gcc
c0ee0e,cheese|cheese
caef00,carefully|carefully|careful
a0a0ce,appearance|appearance
a0ac0e,apache|apache|attractive
cafe00,cafe|cafe
fa00a0,familiar|familiar
caabe0,capable|capable
deb0a0,debian|debian
e0c0d0,elected|elected
f0f000,fifth|fifth|fifty
ab000e,absolute|absolute|abilities
000bed,prohibited|prohibited
dec000,deck|deck|decor
d00a0e,donate|donate|dosage
d000ed,discovered|discovered|downloaded|discounted
e0b000,exhibition|exhibition|enables|establishing|enabling|exhibitions
00efe0,prefer|prefer
00fa00,tiffany|tiffany|infant|sofa
0a00de,nationwide|nationwide|latitude
b0ffe0,buffer|buffer
ddeeff,def|def
c0c0d0,checked|checked|concord
e00b00,exhibit|exhibit|eligibility|exhibits
00bbaa,nba|nba|mba|gba|tba
0adb00,handbook|handbook|handbags
e0ca0e,escape|escape
bbbb00,bb|bb|bbw|bbs
00a0ce,glance|glance|trance
a0cade,arcade|arcade
f0be00,fiber|fiber
0e000a,testimonials|testimonials|registrar|newfoundland|retrieval|gentleman
a0e0a0,alberta|alberta|arena|alternate|antenna|armenia|algeria
f0a0d0,fraud|fraud
a00ec0,aspect|aspect
0000ac,workplace|workplace|prozac
c0f00e,confirmed|confirmed
000ced,priced|priced|switched
f0ef00,firefox|firefox
c0000c,clinic|clinic|construct|consultancy|consistency
ddaadd,dad|dad
00cee0,placement|placement
f00ded,funded|funded
e00e0d,extend|extend
ad000e,adequate|adequate|adjustable|advise|adaptive
0e0aed,replaced|replaced
0ada00,radar|radar|mandatory|validation
c00ba0,combat|combat
0c0a00,occupation|occupation|scholarship|occupational|scenario|scholarships|scenarios|occupations
0a0ced,launched|launched
ef00e0,effectiveness|effectiveness
ab00ad,abroad|abroad
eb0000,ebony|ebony|ebook|ebooks
d0d0e0,dodge|dodge
fe0a00,federation|federation|ferrari
fa0e00,farmers|farmers|fame|fake|fastest|fate|fare|fathers|fares
abe0e0,absence|absence
e0000d,everybody|everybody
0a0ace,palace|palace|variance
0e00f0,verify|verify
0eca00,medication|medication|recall|newcastle|medications|relocation|webcams|webcast
eecc00,ec|ec|eco
00b0d0,nobody|nobody
dac000,dancing|dancing
a00be0,attributes|attributes
00a0a0,plaza|plaza|jonathan|graham|romania|omaha|ghana|somalia
0cee00,screening|screening|screens
ac0b00,acrobat|acrobat
ac0e00,acres|acres|achieving|actress|acre|acne
a00e0c,athletic|athletic|athletics
ccff00,cf|cf|cfr
ed0b00,edinburgh|edinburgh
0a0b00,harbor|harbor|rainbow|gangbang|paperbacks|lamb|mambo
0eb0a0,republican|republican|republicans
a00dce,attendance|attendance
a00eda,amsterdam|amsterdam
a0ec0e,appreciate|appreciate|appreciated
ca00a0,casual|casual|canvas|cayman|carnival
b00a0a,bulgaria|bulgaria|bulgarian
be0eed,believed|believed
d00a0d,donald|donald
e000d0,exposed|exposed|enjoyed|excited|expired|existed
0ea0ed,sealed|sealed|remained|regarded|retained|heated
00aded,loaded|loaded
afa00a,afghanistan|afghanistan
dddd00,dd|dd|ddr
f00dd0,founded|founded
00ca0e,locate|locate|locale
cac0de,camcorder|camcorder
b0ead0,bread|bread
b00ae0,bukkake|bukkake|bizrate
0e0ef0,herself|herself
c00ce0,churches|churches
daa000,damages|damages
d0e0e0,diverse|diverse|diesel
f00c00,franchise|franchise|francis|flickr
0ef00d,refund|refund
00e0b0,trembl|trembl
d00dd0,divided|divided
0dd000,odds|odds
c0e00c,consequences|consequences|convenience|consequence|convergence
0e0ac0,legacy|legacy
0aad0e,paradise|paradise
00b00d,hybrid|hybrid
0eaf00,leaf|leaf
c0b0e0,combine|combine|combines
0e0a0c,geographic|geographic|mechanics|geographical
e0ceed,exceed|exceed
c0ba00,cuba|cuba
bab0e0,babies|babies
a0be00,albert|albert|amber
bad0d0,bandwidth|bandwidth
00ab00,probability|probability|grab
cac0ed,cached|cached
ace0e0,achievement|achievement|achievements
0ebca0,webcam|webcam
00ebec,quebec|quebec
000cd0,noticed|noticed|induced
fac0a0,facial|facial
da0ed0,dated|dated
0a0ad0,packard|packard|harvard|oakland|salad
0ff0e0,offset|offset
0a0da0,payday|payday|mazda|nasdaq
ded00e,deadline|deadline
ac00ed,acquired|acquired
e00ace,entrance|entrance
00b0e0,noble|noble|tribune|tribute
ea00ed,earned|earned
0eee00,ieee|ieee
aaee00,ae|ae
ba0c00,basically|basically|batch
a00aed,animated|animated
000ca0,judicial|judicial|musicians|musician
a000de,attitude|attitude|attitudes
e0a0d0,engaged|engaged
a0e0ed,attended|attended|arrested|assessed
c0ec0e,collective|collective
be0d00,besides|besides|bend
aa00cc,arc|arc
000fe0,interfaces|interfaces|knife|interference
dee0d0,deleted|deleted
dee0a0,defendant|defendant
e0eded,embedded|embedded
b0c00e,brochure|brochure|brochures
00c0ed,picked|picked|locked|prescribed|structured|wicked
be00ef,belief|belief
d00ee0,diameter|diameter
b0dde0,bidder|bidder
00e0c0,literacy|literacy|interact|numeric
ffeedd,fed|fed
0ecee0,mercedes|mercedes
a0000c,assurance|assurance|atomic|appliance|artistic|allowance
00dddd,odd|odd
00c0d0,tracked|tracked|touched
f0a0ed,framed|framed
a0ca00,allocation|allocation
a0ab0c,alphabetical|alphabetical|arabic
de0aed,declared|declared
d0a0ed,dispatched|dispatched
0ad00d,handheld|handheld|madrid|handhelds|hardwood
0caa00,ncaa|ncaa
aa00aa,aka|aka|ana|ala|ata
b0ade0,blade|blade|blades
00ee0e,sleeve|sleeve|greene
fed000,feeding|feeding
ccaadd,cad|cad
00ae00,israeli|israeli
00ced0,proceed|proceed|proceeds|succeed
00e0f0,shelf|shelf
00ed0e,incredible|incredible|pledge
f0e00e,freeware|freeware|filename|firewire
f0c0ed,fucked|fucked
00ac0c,pharmaceutical|pharmaceutical|pharmaceuticals
0a0a0a,manhattan|manhattan|panama|yamaha|tanzania
000f0c,workforce|workforce
decade,decade|decade
0aecbe,gamecube|gamecube
ade0e0,adverse|adverse
eeff00,ef|ef
aaccee,ace|ace
0a00ee,halloween|halloween
0ef0e0,perfume|perfume
a0ba00,albany|albany
00ebd0,somebody|somebody
de0ca0,democrats|democrats|democrat|deutschland
000f0e,transferred|transferred
a0ab0a,arabia|arabia
c0a0e0,chase|chase|chapel
0a0ce0,sauce|sauce|launches|parcel|landscapes|lance
d0000c,diagnostic|diagnostic
aaff00,af|af
0aabe0,payable|payable
00ffcc,rfc|rfc
deeced,detected|detected
b0cee0,bracelet|bracelet|bracelets
00ec0e,protective|protective|molecules|subjective
af0a0d,afraid|afraid
ac000c,acoustic|acoustic
ca0e0e,cassette|cassette
bead00,beads|beads
cee000,cemetery|cemetery|ceremony
c0a0a0,croatia|croatia|clara
fe0e00,fewer|fewer|fever
eda000,edwards|edwards
ad00ed,adjusted|adjusted|admitted
e00d00,encoding|encoding|expenditure|expenditures
0d0e00,zdnet|zdnet|idle
b0dc00,broadcasting|broadcasting
c00e0c,cosmetic|cosmetic|cosmetics
0ce000,schemes|schemes|screenshots|scientist|screenshot
a0f0a0,artificial|artificial
b0ad00,brad|brad|broader
af00ed,affiliated|affiliated
00e0ea,underwear|underwear
d0000a,dimensional|dimensional|disciplinary
c00dab,considerable|considerable
0c0c00,oclc|oclc
00ba0e,zimbabwe|zimbabwe
bace00,barcelona|barcelona
d00ea0,documentary|documentary
cc00dd,cod|cod
000a0c,hispanic|hispanic
ccbb00,cb|cb|cbs
000eca,theoretical|theoretical
aff00d,afford|afford
ffcc00,fc|fc
0ac0d0,watched|watched|matched
0edee0,redeem|redeem
aaaaaa,aaa|aaa
a00e0a,architectural|architectural|angela
de0e0d,depend|depend
d0ffe0,differ|differ
ca0d0e,candle|candle
0e0fed,verified|verified
0e0ba0,herbal|herbal|verbal
dee0ed,deemed|deemed|deferred
ffddaa,fda|fda
0eaded,headed|headed
c00ade,commander|commander
f00ece,florence|florence
faced0,faced|faced
ceb00e,celebrities|celebrities
ceb000,celebration|celebration
00ddee,kde|kde|ide
adac00,adjacent|adjacent
daa0d0,damaged|damaged
c0eae0,colleagues|colleagues
c0ef00,chef|chef
0f000e,offshore|offshore
b0e0d0,blend|blend
0c00a0,occasionally|occasionally|occasional
000bb0,phpbb|phpbb
b0c000,biotechnology|biotechnology|buck|bucks|blocking|bracket
0ac0ed,packed|packed|sacred
000ec0,outreach|outreach
baa0ed,balanced|balanced
dea0d0,delayed|delayed
0e0ded,reproduced|reproduced
cea0c0,ceramic|ceramic
ceda00,cedar|cedar
a0a0ed,arranged|arranged
ad0cc0,advocacy|advocacy
00eaed,threaded|threaded
b0000c,brunswick|brunswick
c0000d,compound|compound|compounds
cac000,calcium|calcium
000e0d,shield|shield|statewide|intend
0eb00e,membrane|membrane
c0c0de,concluded|concluded|conclude
de0ea0,desperate|desperate
0c0ad0,iceland|iceland
cad000,candles|candles
ad0c00,addiction|addiction
b0a0e0,brake|brake|blame|bizarre|brakes|blake|brave
b0000a,botswana|botswana|brazilian|bosnia
00ef0e,undefined|undefined
c0be00,cyber|cyber|cube
0a0bda,lambda|lambda
bae00e,baseline|baseline|basename
ccaabb,cab|cab
0d00ca,identical|identical
00d0c0,soundtrack|soundtrack
dadd00,daddy|daddy
0abb00,rabbit|rabbit
d000ca,dominican|dominican
c0ad00,chad|chad
0be0e0,observer|observer|observe
0eb0e0,hebrew|hebrew
d000ab,downloadable|downloadable
000f0d,stanford|stanford
ceeba0,celebrate|celebrate
aceded,accredited|accredited
c00eed,compressed|compressed|challenged
baa000,bahamas|bahamas
be0c00,bench|bench
0cd000,scheduling|scheduling
b0de00,borders|borders
b0bb00,bobby|bobby
a000ec,architect|architect
0a00ad,railroad|railroad
0a0ba0,namibia|namibia|samba
ecad00,ecuador|ecuador
b0bb0e,bubble|bubble
fa0c00,fancy|fancy
f00e0e,fisheries|fisheries|frequencies
00ffe0,suffer|suffer|sheffield
e0c0e0,execute|execute
cab00a,cambodia|cambodia
0ae00d,mastercard|mastercard
0ba000,obtaining|obtaining
de0a0e,decorative|decorative
c0f0ed,confused|confused
ac00d0,accused|accused|acknowledge|acknowledged
bbeeee,bee|bee
b00e0e,brunette|brunette
0a0ade,parade|parade
bec000,beaches|beaches
f0de00,folders|folders
d00a0c,dramatic|dramatic
0eda00,pendant|pendant|medal
0e00ad,reload|reload
a0e0d0,alleged|alleged|amend|altered
b00da0,bridal|bridal
afec00,affecting|affecting|affects
0eba0e,rebate|rebate
ec00e0,eclipse|eclipse
de0ec0,detect|detect
a00ad0,ampland|ampland
0000ff,gif|gif|inf
bee00e,beverage|beverage|beverages
00eced,infected|infected
0000ec,incorrect|incorrect
ce000c,celtic|celtic
bb00aa,bra|bra
b00b0e,brisbane|brisbane
0a00ba,manitoba|manitoba
0adda0,saddam|saddam
0fe0e0,offense|offense
0ad0b0,handjob|handjob|handjobs
00ead0,steady|steady
0c0e00,screw|screw
0e0e0a,geneva|geneva|helena
f0ebd0,freebsd|freebsd
0a0ded,handed|handed
00feed,suffered|suffered
00e0ca,numerical|numerical
0ac0b0,jacob|jacob
00b00a,thumbzilla|thumbzilla
00cea0,porcelain|porcelain|unnecessary
dece00,decent|decent
bd0000,bdsm|bdsm
edd0e0,eddie|eddie
00a0da,uganda|uganda|rwanda
ad0da0,adidas|adidas
d0a0ee,disagree|disagree
0a0a0d,hazard|hazard
0d00e0,identifier|identifier|identifies
baba00,barbados|barbados
000e0b,superb|superb
0ad0d0,handled|handled
da0d00,davidson|davidson
0c000a,scotia|scotia
a0000a,asthma|asthma|aurora|angola
00e0de,shareholders|shareholders|stakeholders
de000a,developmental|developmental
a0c00e,anticipated|anticipated
0a0b0a,zambia|zambia
bb00ff,buf|buf
ad0c0e,advocate|advocate
d00eed,documented|documented
00f0d0,unified|unified
b0eed0,breed|breed|breeds
bac0ed,backed|backed
a0f0ed,alfred|alfred
0eeca0,rebecca|rebecca
00e00c,tolerance|tolerance|livestock|systematic
e0ed00,eyed|eyed
d0abe0,disable|disable|durable
0e0ced,searched|searched
be00a0,behavioral|behavioral|bermuda
00e00d,riverside|riverside|homeland
0aca0e,lancaster|lancaster
000ede,suspended|suspended
0e0eb0,hereby|hereby|techrepublic
0ac0a0,racial|racial
a0a0da,amanda|amanda
c0f0e0,confident|confident
0fc000,officially|officially
ba0e0a,bacteria|bacteria|bacterial
0ef0d0,seafood|seafood
0e0da0,periodically|periodically
00a0ec,symantec|symantec
0ee0b0,vegetable|vegetable|renewable
b0a0ca,britannica|britannica
d00ca0,duncan|duncan
be0ad0,bernard|bernard
a0c00c,arctic|arctic
beea00,beneath|beneath
defe0d,defend|defend
f0de0c,frederick|frederick
0e0c0d,medicaid|medicaid
cc00aa,cia|cia
d000be,disturbed|disturbed
e0de00,elder|elder|evident
0b0ae0,obituaries|obituaries
000dce,providence|providence
0e0bed,remembered|remembered
b000ed,buried|buried
0e0b0e,newbie|newbie|refurbished
0a0d0a,sandra|sandra
ad0ade,adelaide|adelaide
a0fae0,airfare|airfare
bef0a0,beneficial|beneficial
be000e,belize|belize
a0da0e,andale|andale
ba0ee0,battlefield|battlefield
ec00a0,ecological|ecological
a00a0a,appraisal|appraisal
b0ed00,breeding|breeding|bleeding
000b0e,mozambique|mozambique
ff00dd,fwd|fwd
e0e00e,envelope|envelope|entrepreneur|ensemble
a0d0ea,andrea|andrea
e0d0f0,endif|endif
ab00a0,aboriginal|aboriginal
00a0de,grande|grande
c0e0c0,conferencing|conferencing
aaddaa,ada|ada
c00bb0,chubby|chubby
b00a0e,biographies|biographies
0ee0ea,mediterranean|mediterranean
f00ae0,footage|footage|fragrances
f0e00c,freelance|freelance
0ce00e,screensaver|screensaver|screensavers
0ea00c,metallica|metallica|metallic
defea0,defeat|defeat
a0eba0,algebra|algebra
0a0f0d,hartford|hartford
af0000,affiliation|affiliation
fe0ce0,fence|fence
b0ef00,briefly|briefly|briefing
ae00ac,aerospace|aerospace
0a0e0a,pamela|pamela
0a0b0e,marble|marble
acd000,accreditation|accreditation
0aed00,macedonia|macedonia
ffbb00,fbi|fbi
00ccaa,rca|rca
0eef00,reef|reef
d000de,divide|divide
0abae0,garbage|garbage
b0df0d,bradford|bradford
0c0e0a,schema|schema
0ead0a,metadata|metadata
ae00a0,aerial|aerial
0ece0e,perceived|perceived
0a0aa0,madagascar|madagascar
ea000e,earthquake|earthquake
ffcccc,fcc|fcc
ddff00,df|df
c00a0a,computational|computational
0e00ae,reggae|reggae
0e0ab0,rehab|rehab
a0b0e0,ambien|ambien|antibodies
00af00,shaft|shaft
bb00ee,bye|bye
000c0d,postcards|postcards|postcard
d0de00,dude|dude
cad0f0,cardiff|cardiff
e0c00e,excuse|excuse
0ad0c0,sandwich|sandwich
ab0d0e,abandoned|abandoned
bbdd00,bd|bd
0c0ba0,scuba|scuba
ba0b00,bangbus|bangbus
0ae00e,lauderdale|lauderdale|watershed
0ae0e0,gazette|gazette
ba00a0,batman|batman
efc000,efficiently|efficiently
d00ed0,dried|dried
de0b00,derby|derby
0ce00c,scenic|scenic
ce0eb0,celebs|celebs
0ae0ed,talented|talented
ffdd00,fd|fd
000d0c,incidence|incidence
b0c0d0,blocked|blocked
ca00ac,cadillac|cadillac
befa00,belfast|belfast
e0ec00,exec|exec|elect|expects
0ac0f0,warcraft|warcraft
bad0e0,badge|badge
0eede0,remedies|remedies
e0eda0,expedia|expedia
0e0aa0,vegetarian|vegetarian
c0a0ed,coated|coated
f0a0c0,findarticles|findarticles
a0a0c0,aquatic|aquatic
0e0ace,reliance|reliance
00eae0,mileage|mileage|thereafter
0ecd00,oecd|oecd
d0ce00,dice|dice
d00ac0,dispatch|dispatch
0edeed,rendered|rendered
ccccdd,ccd|ccd
a00ba0,aruba|aruba
ed0a00,edgar|edgar
d0ba00,dubai|dubai
f0eece,fleece|fleece
bb00cc,boc|boc
b0eac0,breach|breach
bec0a0,benchmark|benchmark
bef0d0,bedford|bedford
a00bd0,antibody|antibody
c00ff0,cliff|cliff
de00b0,desirable|desirable
aba000,abraham|abraham
af00d0,afterwards|afterwards
0a000c,garlic|garlic|sacrifice
ba00ed,banned|banned
0a00ff,tariff|tariff
000d0a,nvidia|nvidia
f0ca00,focal|focal
ede000,eden|eden
00bbcc,nbc|nbc
ce0eed,centered|centered
e000ca,empirical|empirical
de0dce,dependence|dependence
b00ed0,boxed|boxed|bored
c0b0c0,cubic|cubic
deaf00,deaf|deaf
0ea0de,remainder|remainder
c00f0d,crawford|crawford
0ae0d0,labeled|labeled
c00d0e,commodities|commodities
0e0b0a,serbia|serbia
fe0f00,feof|feof
0eed0e,needle|needle
ee00bb,enb|enb
fa0fe0,fairfield|fairfield
cad0c0,cardiac|cardiac
ab0de0,aberdeen|aberdeen
0a0a0c,malpractice|malpractice
edcaed,educated|educated
0a000f,waterproof|waterproof
0a0c0a,garcia|garcia
ec000e,economies|economies
de0ae0,declare|declare
0edd00,teddy|teddy
c0e0b0,convertible|convertible
b0f000,bufing|bufing
00b0a0,tribunal|tribunal
0ee00a,secretariat|secretariat
cace0e,cancelled|cancelled
ba0a0a,banana|banana
0c00ce,occurrence|occurrence
0b0c00,sbjct|sbjct
affa00,affair|affair
be00de,beside|beside
ba0dd0,baghdad|baghdad
f0ee0e,freeze|freeze
0adde0,ladder|ladder
c0dea0,confidentiality|confidentiality
e0c00a,electoral|electoral
f00d0e,fridge|fridge
f0b0de,forbidden|forbidden
ddeeee,dee|dee
c0e0e0,currencies|currencies
f00be0,forbes|forbes
00aaee,mae|mae
0c00d0,scanned|scanned
f0e0ac,fireplace|fireplace
00aac0,isaac|isaac
0a0fe0,magnificent|magnificent
ad0a00,adaptation|adaptation
d00d0d,dividend|dividend
000bc0,playback|playback
bad000,badly|badly
0ad0de,handmade|handmade
a0f000,awful|awful
cd0a00,cdna|cdna
ad0ce0,advancement|advancement
ba0b0e,barbie|barbie
e0e00c,evanescence|evanescence
a00cca,antarctica|antarctica
cabe0a,canberra|canberra
c0ad0e,cradle|cradle
a00d00,avoiding|avoiding
0adae0,mandate|mandate
f0b0e0,fibre|fibre
ad0a0e,adware|adware
d0a0d0,donated|donated
00ffd0,stuffed|stuffed
000d0e,groundwater|groundwater
0ca0ed,scared|scared
00bb0e,robbie|robbie
